Experiment ID,Timestamp,Question Number,Original Level,Difficulty,Model,Prompt,Ground Truth Solution,Ground Truth Answer,Full Response,Reasoning,Final Answer,Step Count,Correct,Error Type
1_gemini_baseline,2026-07-07 19:39:57,1,Level 4,Hard,gemini,baseline,"We can find the probability that no women are selected and subtract it from 1 to find the probability that at least one woman is selected. To find the probability that only men are selected, we consider that the chance that the first person selected is male is $\frac{7}{10}$. Then the probability that the second person selected is male is reduced to $\frac{6}{9}=\frac{2}{3}$. For the third person, the probability is $\frac{5}{8}$. So the probability that only men are selected is $$\frac{7}{10}\cdot\frac{2}{3}\cdot\frac{5}{8}=\frac{7}{24}.$$ Notice that the 2 and 5 in the numerator cancel with the 10 in the denominator to leave $\frac{7}{24}$. Now we subtract from 1 to find the probability that at least one woman is selected. The probability is $1-\frac{7}{24}=\boxed{\frac{17}{24}}$.",\frac{17}{24},"To solve this problem, we need to find the total number of ways to select three people and the number of ways to select at least one woman.

Given:
Number of men = 7
Number of women = 3
Total number of people = 7 + 3 = 10
Number of people to be selected = 3

**Step 1: Calculate the total number of ways to select 3 people from the group of 10.**
This is a combination problem, denoted as C(n, k) or ""n choose k"", which is calculated as n! / (k! * (n-k)!).
Total ways to select 3 people from 10 = C(10, 3)
C(10, 3) = 10! / (3! * (10-3)!)
= 10! / (3! * 7!)
= (10 * 9 * 8 * 7!) / ((3 * 2 * 1) * 7!)
= (10 * 9 * 8) / (3 * 2 * 1)
= (10 * 3 * 4)
= 120 ways

**Step 2: Calculate the number of ways to select ""at least one woman"".**
It's often easier to calculate the probability of the complementary event, which is ""no women selected"" (meaning all three selected people are men), and subtract it from 1.

**Step 2a: Calculate the number of ways to select 3 men (no women).**
Number of men = 7
Number of ways to select 3 men from 7 = C(7, 3)
C(7, 3) = 7! / (3! * (7-3)!)
= 7! / (3! * 4!)
= (7 * 6 * 5 * 4!) / ((3 * 2 * 1) * 4!)
= (7 * 6 * 5) / (3 * 2 * 1)
= (7 * 5)
= 35 ways

**Step 2b: Calculate the probability of selecting no women (all men).**
P(no women) = (Number of ways to select 3 men) / (Total number of ways to select 3 people)
P(no women) = 35 / 120
To simplify the fraction, divide both the numerator and denominator by their greatest common divisor, which is 5:
P(no women) = (35 ÷ 5) / (120 ÷ 5) = 7 / 24

**Step 2c: Calculate the probability of selecting at least one woman.**
P(at least one woman) = 1 - P(no women)
P(at least one woman) = 1 - 7/24
P(at least one woman) = 24/24 - 7/24
P(at least one woman) = 17/24

The final answer is $\boxed{\frac{17}{24}}$.","To solve this problem, we need to find the total number of ways to select three people and the number of ways to select at least one woman.

Given:
Number of men = 7
Number of women = 3
Total number of people = 7 + 3 = 10
Number of people to be selected = 3

**Step 1: Calculate the total number of ways to select 3 people from the group of 10.**
This is a combination problem, denoted as C(n, k) or ""n choose k"", which is calculated as n! / (k! * (n-k)!).
Total ways to select 3 people from 10 = C(10, 3)
C(10, 3) = 10! / (3! * (10-3)!)
= 10! / (3! * 7!)
= (10 * 9 * 8 * 7!) / ((3 * 2 * 1) * 7!)
= (10 * 9 * 8) / (3 * 2 * 1)
= (10 * 3 * 4)
= 120 ways

**Step 2: Calculate the number of ways to select ""at least one woman"".**
It's often easier to calculate the probability of the complementary event, which is ""no women selected"" (meaning all three selected people are men), and subtract it from 1.

**Step 2a: Calculate the number of ways to select 3 men (no women).**
Number of men = 7
Number of ways to select 3 men from 7 = C(7, 3)
C(7, 3) = 7! / (3! * (7-3)!)
= 7! / (3! * 4!)
= (7 * 6 * 5 * 4!) / ((3 * 2 * 1) * 4!)
= (7 * 6 * 5) / (3 * 2 * 1)
= (7 * 5)
= 35 ways

**Step 2b: Calculate the probability of selecting no women (all men).**
P(no women) = (Number of ways to select 3 men) / (Total number of ways to select 3 people)
P(no women) = 35 / 120
To simplify the fraction, divide both the numerator and denominator by their greatest common divisor, which is 5:
P(no women) = (35 ÷ 5) / (120 ÷ 5) = 7 / 24

**Step 2c: Calculate the probability of selecting at least one woman.**
P(at least one woman) = 1 - P(no women)
P(at least one woman) = 1 - 7/24
P(at least one woman) = 24/24 - 7/24
P(at least one woman) = 17/24",\frac{17,36,,
2_gemini_baseline,2026-07-07 19:40:00,2,Level 2,Easy,gemini,baseline,"For the first die to be less than three, it must be a 1 or a 2, which occurs with probability $\frac{1}{3}$. For the second die to be greater than 3, it must be a 4 or a 5 or a 6, which occurs with probability $\frac{1}{2}$. The probability of both of these events occuring, as they are independent, is $\frac{1}{3} \cdot \frac{1}{2} = \boxed{\frac{1}{6}}$.",\frac{1}{6},"Let's break down the problem into two independent events:

**Event 1: Rolling a number less than three on the first die.**
*   A standard six-sided die has faces numbered {1, 2, 3, 4, 5, 6}.
*   The numbers less than three are {1, 2}.
*   There are 2 favorable outcomes.
*   The total number of possible outcomes is 6.
*   The probability of Event 1, P(E1), is (Number of favorable outcomes) / (Total number of outcomes) = 2/6 = 1/3.

**Event 2: Rolling a number greater than three on the second die.**
*   The numbers greater than three are {4, 5, 6}.
*   There are 3 favorable outcomes.
*   The total number of possible outcomes is 6.
*   The probability of Event 2, P(E2), is (Number of favorable outcomes) / (Total number of outcomes) = 3/6 = 1/2.

Since the two events are independent (the outcome of the first die does not affect the outcome of the second die), the probability that both events occur is the product of their individual probabilities:

P(E1 and E2) = P(E1) * P(E2)
P(E1 and E2) = (1/3) * (1/2)
P(E1 and E2) = 1/6

The final answer is $\boxed{\frac{1}{6}}$.","Let's break down the problem into two independent events:

**Event 1: Rolling a number less than three on the first die.**
*   A standard six-sided die has faces numbered {1, 2, 3, 4, 5, 6}.
*   The numbers less than three are {1, 2}.
*   There are 2 favorable outcomes.
*   The total number of possible outcomes is 6.
*   The probability of Event 1, P(E1), is (Number of favorable outcomes) / (Total number of outcomes) = 2/6 = 1/3.

**Event 2: Rolling a number greater than three on the second die.**
*   The numbers greater than three are {4, 5, 6}.
*   There are 3 favorable outcomes.
*   The total number of possible outcomes is 6.
*   The probability of Event 2, P(E2), is (Number of favorable outcomes) / (Total number of outcomes) = 3/6 = 1/2.

Since the two events are independent (the outcome of the first die does not affect the outcome of the second die), the probability that both events occur is the product of their individual probabilities:

P(E1 and E2) = P(E1) * P(E2)
P(E1 and E2) = (1/3) * (1/2)
P(E1 and E2) = 1/6",\frac{1,16,,
3_gemini_baseline,2026-07-07 19:40:04,3,Level 3,Medium,gemini,baseline,"If the odds for pulling a prize out of the box are $3:4$, that means that 3 out of 7 times will result in a prize, while 4 out of 7 times will not. So the probability of not pulling the prize out of the box is $\boxed{\frac{4}{7}}$.",\frac{4}{7},"Here's how to solve the problem:

1.  **Understand Odds:** Odds of $3:4$ for pulling a prize means:
    *   There are 3 ways to pull a prize (favorable outcome).
    *   There are 4 ways to not pull a prize (unfavorable outcome).

2.  **Calculate Total Outcomes:** The total number of possible outcomes is the sum of favorable and unfavorable outcomes:
    Total Outcomes = 3 (pull prize) + 4 (not pull prize) = 7

3.  **Calculate the Probability of Not Pulling the Prize:** Probability is defined as (number of desired outcomes) / (total number of outcomes).
    *   The desired outcome here is *not* pulling the prize, which has 4 ways.
    *   Probability of not pulling the prize = (ways to not pull prize) / (total outcomes)
    *   Probability of not pulling the prize = 4 / 7

The probability of not pulling the prize out of the box is $\frac{4}{7}$.

The final answer is $\boxed{\frac{4}{7}}$.","Here's how to solve the problem:

1.  **Understand Odds:** Odds of $3:4$ for pulling a prize means:
    *   There are 3 ways to pull a prize (favorable outcome).
    *   There are 4 ways to not pull a prize (unfavorable outcome).

2.  **Calculate Total Outcomes:** The total number of possible outcomes is the sum of favorable and unfavorable outcomes:
    Total Outcomes = 3 (pull prize) + 4 (not pull prize) = 7

3.  **Calculate the Probability of Not Pulling the Prize:** Probability is defined as (number of desired outcomes) / (total number of outcomes).
    *   The desired outcome here is *not* pulling the prize, which has 4 ways.
    *   Probability of not pulling the prize = (ways to not pull prize) / (total outcomes)
    *   Probability of not pulling the prize = 4 / 7

The probability of not pulling the prize out of the box is $\frac{4}{7}$.",\frac{4,11,,
4_gemini_baseline,2026-07-07 19:40:53,4,Level 5,Hard,gemini,baseline,"We put the time the train arrives on the $y$-axis and the time  John arrives on the $x$-axis, and shade in the region where John arrives while the train is there.

[asy]
draw((0,0)--(60,0));
draw((0,0)--(0,60)--(60,60)--(60,0));
label(""2:00"", (0,0), SW);
label(""3:00"", (60,0), S);
label(""3:00"", (0,60), W);
label(""2:20"",(20,0),S);
fill((0,0)--(60,60)--(60,40)--(20,0)--cycle, gray(.7));
[/asy]

The probability that John arrives while the train is at the station is the ratio of the shaded area to the whole square. If we divide the axes into 60 units, the shaded region can be split up into a triangle of area $20\cdot 20/2=200$ square units and a parallelogram of area $20\cdot 40=800$ square units, and the whole square has an area of 3600 square units. The ratio is $1000/3600=\boxed{\frac{5}{18}}$.",\frac{5}{18},"Let $T$ be the arrival time of the train and $J$ be the arrival time of John. Both times are measured in minutes from 2:00.
Since both arrive randomly between 2:00 and 3:00, the time interval is 60 minutes.
So, $T$ and $J$ are independent random variables uniformly distributed over the interval $[0, 60]$.
The sample space for $(T, J)$ is a square in the $TJ$-plane with vertices $(0,0), (60,0), (60,60), (0,60)$.
The area of this sample space is $60 \times 60 = 3600$.

The train arrives at time $T$ and waits for 20 minutes. This means the train is present during the time interval $[T, T+20]$.
John arrives at time $J$. John will catch the train if his arrival time $J$ falls within the interval when the train is present.
So, we want to find the probability that $T \le J \le T+20$.

This condition can be broken down into two inequalities:
1. $J \ge T$ (John does not arrive before the train)
2. $J \le T+20$ (John arrives before the train leaves)

We need to find the area of the region in the $TJ$-plane defined by these inequalities, within the square $0 \le T \le 60$ and $0 \le J \le 60$.

We can calculate the area of the favorable region directly or by subtracting the unfavorable regions from the total area. Let's use the subtraction method, as it is often simpler for such problems.

The total area of the sample space is $A_{total} = 60 \times 60 = 3600$.

The unfavorable regions are:
1. John arrives before the train ($J < T$).
   This region is a triangle with vertices $(0,0)$, $(60,0)$, and $(60,60)$.
   The area of this region, $A_1$, is $\frac{1}{2} \times \text{base} \times \text{height} = \frac{1}{2} \times 60 \times 60 = 1800$.

2. John arrives after the train has left ($J > T+20$).
   This region is bounded by the line $J=T+20$, the line $J=60$ (top boundary of the square), and the line $T=0$ (left boundary of the square).
   Let's find the vertices of this region:
   - The line $J=T+20$ intersects $T=0$ at $(0,20)$.
   - The line $J=T+20$ intersects $J=60$ at $60 = T+20 \implies T=40$, so $(40,60)$.
   - The other vertex is $(0,60)$, the top-left corner of the square.
   This region is a triangle with vertices $(0,20)$, $(0,60)$, and $(40,60)$.
   The base of this triangle can be taken along $T=0$, with length $60-20=40$.
   The height of the triangle is the horizontal distance from $T=0$ to $T=40$, which is $40$.
   The area of this region, $A_2$, is $\frac{1}{2} \times 40 \times 40 = 800$.

These two unfavorable regions ($J < T$ and $J > T+20$) are disjoint, because if both conditions were true, then $T > J$ and $J > T+20$, which implies $T > T+20$, or $0 > 20$, which is impossible.

The total unfavorable area is $A_{unfavorable} = A_1 + A_2 = 1800 + 800 = 2600$.

The favorable area (where John catches the train) is $A_{favorable} = A_{total} - A_{unfavorable}$.
$A_{favorable} = 3600 - 2600 = 1000$.

The probability that the train will be there when John arrives is the ratio of the favorable area to the total area:
$P(\text{John catches train}) = \frac{A_{favorable}}{A_{total}} = \frac{1000}{3600}$.

Simplify the fraction:
$\frac{1000}{3600} = \frac{10}{36} = \frac{5}{18}$.

The final answer is $\boxed{\frac{5}{18}}$.","Let $T$ be the arrival time of the train and $J$ be the arrival time of John. Both times are measured in minutes from 2:00.
Since both arrive randomly between 2:00 and 3:00, the time interval is 60 minutes.
So, $T$ and $J$ are independent random variables uniformly distributed over the interval $[0, 60]$.
The sample space for $(T, J)$ is a square in the $TJ$-plane with vertices $(0,0), (60,0), (60,60), (0,60)$.
The area of this sample space is $60 \times 60 = 3600$.

The train arrives at time $T$ and waits for 20 minutes. This means the train is present during the time interval $[T, T+20]$.
John arrives at time $J$. John will catch the train if his arrival time $J$ falls within the interval when the train is present.
So, we want to find the probability that $T \le J \le T+20$.

This condition can be broken down into two inequalities:
1. $J \ge T$ (John does not arrive before the train)
2. $J \le T+20$ (John arrives before the train leaves)

We need to find the area of the region in the $TJ$-plane defined by these inequalities, within the square $0 \le T \le 60$ and $0 \le J \le 60$.

We can calculate the area of the favorable region directly or by subtracting the unfavorable regions from the total area. Let's use the subtraction method, as it is often simpler for such problems.

The total area of the sample space is $A_{total} = 60 \times 60 = 3600$.

The unfavorable regions are:
1. John arrives before the train ($J < T$).
   This region is a triangle with vertices $(0,0)$, $(60,0)$, and $(60,60)$.
   The area of this region, $A_1$, is $\frac{1}{2} \times \text{base} \times \text{height} = \frac{1}{2} \times 60 \times 60 = 1800$.

2. John arrives after the train has left ($J > T+20$).
   This region is bounded by the line $J=T+20$, the line $J=60$ (top boundary of the square), and the line $T=0$ (left boundary of the square).
   Let's find the vertices of this region:
   - The line $J=T+20$ intersects $T=0$ at $(0,20)$.
   - The line $J=T+20$ intersects $J=60$ at $60 = T+20 \implies T=40$, so $(40,60)$.
   - The other vertex is $(0,60)$, the top-left corner of the square.
   This region is a triangle with vertices $(0,20)$, $(0,60)$, and $(40,60)$.
   The base of this triangle can be taken along $T=0$, with length $60-20=40$.
   The height of the triangle is the horizontal distance from $T=0$ to $T=40$, which is $40$.
   The area of this region, $A_2$, is $\frac{1}{2} \times 40 \times 40 = 800$.

These two unfavorable regions ($J < T$ and $J > T+20$) are disjoint, because if both conditions were true, then $T > J$ and $J > T+20$, which implies $T > T+20$, or $0 > 20$, which is impossible.

The total unfavorable area is $A_{unfavorable} = A_1 + A_2 = 1800 + 800 = 2600$.

The favorable area (where John catches the train) is $A_{favorable} = A_{total} - A_{unfavorable}$.
$A_{favorable} = 3600 - 2600 = 1000$.

The probability that the train will be there when John arrives is the ratio of the favorable area to the total area:
$P(\text{John catches train}) = \frac{A_{favorable}}{A_{total}} = \frac{1000}{3600}$.

Simplify the fraction:
$\frac{1000}{3600} = \frac{10}{36} = \frac{5}{18}$.",\frac{5,36,,
5_gemini_baseline,2026-07-07 19:41:01,5,Level 3,Medium,gemini,baseline,The probability is $\dfrac{4}{52} \times \dfrac{4}{51} \times \dfrac{4}{50} = \boxed{\frac{8}{16575}}$.,\frac{8}{16575},"To solve this problem, we need to calculate the probability of each event occurring in the specified order, considering that the cards are dealt without replacement.

Let A be the event that the first card is a Jack.
Let B be the event that the second card is a Queen.
Let C be the event that the third card is a King.

We want to find the probability of A and B and C happening in sequence, which can be written as $P(A \cap B \cap C) = P(A) \times P(B|A) \times P(C|A \cap B)$.

**Step 1: Probability that the first card is a Jack.**
* A standard deck has 52 cards.
* There are 4 Jacks in a standard deck.
* $P(A) = P(\text{1st card is Jack}) = \frac{\text{Number of Jacks}}{\text{Total number of cards}} = \frac{4}{52}$

**Step 2: Probability that the second card is a Queen, given the first card was a Jack.**
* After the first card (a Jack) is dealt, there are 51 cards remaining in the deck.
* The number of Queens is still 4, as a Jack was drawn, not a Queen.
* $P(B|A) = P(\text{2nd card is Queen | 1st card was Jack}) = \frac{\text{Number of Queens}}{\text{Total number of remaining cards}} = \frac{4}{51}$

**Step 3: Probability that the third card is a King, given the first card was a Jack and the second card was a Queen.**
* After the first two cards (a Jack and a Queen) are dealt, there are 50 cards remaining in the deck.
* The number of Kings is still 4, as neither a Jack nor a Queen is a King.
* $P(C|A \cap B) = P(\text{3rd card is King | 1st was Jack, 2nd was Queen}) = \frac{\text{Number of Kings}}{\text{Total number of remaining cards}} = \frac{4}{50}$

**Step 4: Calculate the overall probability.**
To find the probability of all three events happening in this specific order, we multiply the probabilities from each step:
$P(A \cap B \cap C) = \frac{4}{52} \times \frac{4}{51} \times \frac{4}{50}$

Now, let's perform the multiplication and simplify the fraction:
$P(A \cap B \cap C) = \frac{4 \times 4 \times 4}{52 \times 51 \times 50}$
$P(A \cap B \cap C) = \frac{64}{132600}$

To simplify the fraction, we can divide both the numerator and the denominator by their greatest common divisor. We can do this in steps:
Divide by 2: $\frac{64 \div 2}{132600 \div 2} = \frac{32}{66300}$
Divide by 2 again: $\frac{32 \div 2}{66300 \div 2} = \frac{16}{33150}$
Divide by 2 again: $\frac{16 \div 2}{33150 \div 2} = \frac{8}{16575}$

The numerator (8) is $2^3$. The denominator (16575) is not divisible by 2 (as it's an odd number) and is not divisible by any factor of 8 other than 1. So, the fraction is fully simplified.

The final answer is $\boxed{\frac{8}{16575}}$.","To solve this problem, we need to calculate the probability of each event occurring in the specified order, considering that the cards are dealt without replacement.

Let A be the event that the first card is a Jack.
Let B be the event that the second card is a Queen.
Let C be the event that the third card is a King.

We want to find the probability of A and B and C happening in sequence, which can be written as $P(A \cap B \cap C) = P(A) \times P(B|A) \times P(C|A \cap B)$.

**Step 1: Probability that the first card is a Jack.**
* A standard deck has 52 cards.
* There are 4 Jacks in a standard deck.
* $P(A) = P(\text{1st card is Jack}) = \frac{\text{Number of Jacks}}{\text{Total number of cards}} = \frac{4}{52}$

**Step 2: Probability that the second card is a Queen, given the first card was a Jack.**
* After the first card (a Jack) is dealt, there are 51 cards remaining in the deck.
* The number of Queens is still 4, as a Jack was drawn, not a Queen.
* $P(B|A) = P(\text{2nd card is Queen | 1st card was Jack}) = \frac{\text{Number of Queens}}{\text{Total number of remaining cards}} = \frac{4}{51}$

**Step 3: Probability that the third card is a King, given the first card was a Jack and the second card was a Queen.**
* After the first two cards (a Jack and a Queen) are dealt, there are 50 cards remaining in the deck.
* The number of Kings is still 4, as neither a Jack nor a Queen is a King.
* $P(C|A \cap B) = P(\text{3rd card is King | 1st was Jack, 2nd was Queen}) = \frac{\text{Number of Kings}}{\text{Total number of remaining cards}} = \frac{4}{50}$

**Step 4: Calculate the overall probability.**
To find the probability of all three events happening in this specific order, we multiply the probabilities from each step:
$P(A \cap B \cap C) = \frac{4}{52} \times \frac{4}{51} \times \frac{4}{50}$

Now, let's perform the multiplication and simplify the fraction:
$P(A \cap B \cap C) = \frac{4 \times 4 \times 4}{52 \times 51 \times 50}$
$P(A \cap B \cap C) = \frac{64}{132600}$

To simplify the fraction, we can divide both the numerator and the denominator by their greatest common divisor. We can do this in steps:
Divide by 2: $\frac{64 \div 2}{132600 \div 2} = \frac{32}{66300}$
Divide by 2 again: $\frac{32 \div 2}{66300 \div 2} = \frac{16}{33150}$
Divide by 2 again: $\frac{16 \div 2}{33150 \div 2} = \frac{8}{16575}$

The numerator (8) is $2^3$. The denominator (16575) is not divisible by 2 (as it's an odd number) and is not divisible by any factor of 8 other than 1. So, the fraction is fully simplified.",\frac{8,28,,
6_gemini_baseline,2026-07-07 19:41:07,6,Level 4,Hard,gemini,baseline,"There are $2^{10} = 1024$ possible outcomes of the 10 coin flips. There are $\binom{10}{8}=\binom{10}{2}=45$ ways to get exactly 8 heads, so the probability is $\dfrac{45}{2^{10}}=\boxed{\dfrac{45}{1024}}$.",\dfrac{45}{1024},"This is a binomial probability problem. We are looking for the probability of getting exactly 8 heads in 10 flips of a fair coin.

Here's how we can break it down:

1.  **Number of trials (n):** We flip the coin 10 times, so n = 10.
2.  **Number of successful outcomes (k):** We want exactly 8 heads, so k = 8.
3.  **Probability of success on a single trial (p):** The coin is fair, so the probability of getting heads is 0.5.
4.  **Probability of failure on a single trial (q):** The probability of getting tails is 1 - p = 1 - 0.5 = 0.5.

The binomial probability formula is:
P(X=k) = C(n, k) * p^k * q^(n-k)

Where C(n, k) is the binomial coefficient, calculated as n! / (k! * (n-k)!).

Let's calculate each part:

**1. Calculate C(n, k):**
C(10, 8) = 10! / (8! * (10-8)!)
         = 10! / (8! * 2!)
         = (10 * 9 * 8!) / (8! * 2 * 1)
         = (10 * 9) / 2
         = 90 / 2
         = 45

**2. Calculate p^k:**
p^k = (0.5)^8

**3. Calculate q^(n-k):**
q^(n-k) = (0.5)^(10-8)
         = (0.5)^2

**4. Put it all together:**
P(X=8) = C(10, 8) * (0.5)^8 * (0.5)^2
         = 45 * (0.5)^(8+2)
         = 45 * (0.5)^10

Now, let's calculate (0.5)^10:
(0.5)^10 = (1/2)^10 = 1 / (2^10) = 1 / 1024

**5. Final Calculation:**
P(X=8) = 45 * (1 / 1024)
         = 45 / 1024

The probability that we get heads in exactly 8 of the 10 flips is 45/1024.

The final answer is $\boxed{\frac{45}{1024}}$.","This is a binomial probability problem. We are looking for the probability of getting exactly 8 heads in 10 flips of a fair coin.

Here's how we can break it down:

1.  **Number of trials (n):** We flip the coin 10 times, so n = 10.
2.  **Number of successful outcomes (k):** We want exactly 8 heads, so k = 8.
3.  **Probability of success on a single trial (p):** The coin is fair, so the probability of getting heads is 0.5.
4.  **Probability of failure on a single trial (q):** The probability of getting tails is 1 - p = 1 - 0.5 = 0.5.

The binomial probability formula is:
P(X=k) = C(n, k) * p^k * q^(n-k)

Where C(n, k) is the binomial coefficient, calculated as n! / (k! * (n-k)!).

Let's calculate each part:

**1. Calculate C(n, k):**
C(10, 8) = 10! / (8! * (10-8)!)
         = 10! / (8! * 2!)
         = (10 * 9 * 8!) / (8! * 2 * 1)
         = (10 * 9) / 2
         = 90 / 2
         = 45

**2. Calculate p^k:**
p^k = (0.5)^8

**3. Calculate q^(n-k):**
q^(n-k) = (0.5)^(10-8)
         = (0.5)^2

**4. Put it all together:**
P(X=8) = C(10, 8) * (0.5)^8 * (0.5)^2
         = 45 * (0.5)^(8+2)
         = 45 * (0.5)^10

Now, let's calculate (0.5)^10:
(0.5)^10 = (1/2)^10 = 1 / (2^10) = 1 / 1024

**5. Final Calculation:**
P(X=8) = 45 * (1 / 1024)
         = 45 / 1024

The probability that we get heads in exactly 8 of the 10 flips is 45/1024.",\frac{45,32,,
7_gemini_baseline,2026-07-07 19:41:15,7,Level 4,Hard,gemini,baseline,"There are 5 ways in which the first roll is not 1, and 5 ways in which the second roll is not 1, so there are $5 \times 5 = 25$ ways in which neither die shows 1.  Therefore there are $36-25=11$ ways in which one or both dice show 1.  So the probability of this is $\boxed{\dfrac{11}{36}}$.",\dfrac{11}{36},"Let S be the sample space of all possible outcomes when rolling two fair 6-sided dice.
Each die has 6 faces, so the total number of possible outcomes is $6 \times 6 = 36$.
We can represent each outcome as an ordered pair (d1, d2), where d1 is the result of the first die and d2 is the result of the second die.

Let A be the event that at least one of the dice shows a 1.
This means that either the first die shows a 1, or the second die shows a 1, or both dice show a 1.

We can solve this problem using two methods:

**Method 1: Direct Counting**

Let A1 be the event that the first die shows a 1.
The outcomes for A1 are: (1,1), (1,2), (1,3), (1,4), (1,5), (1,6). There are 6 such outcomes.

Let A2 be the event that the second die shows a 1.
The outcomes for A2 are: (1,1), (2,1), (3,1), (4,1), (5,1), (6,1). There are 6 such outcomes.

The event A (""at least one of the dice shows a 1"") is the union of A1 and A2 (A = A1 U A2).
When we list the outcomes for A1 and A2, we notice that the outcome (1,1) is common to both events.
Using the Principle of Inclusion-Exclusion, the number of outcomes in A is:
|A| = |A1| + |A2| - |A1 $\cap$ A2|
Where A1 $\cap$ A2 is the event that both dice show a 1, which is only the outcome (1,1). So, |A1 $\cap$ A2| = 1.

|A| = 6 + 6 - 1 = 11.

The 11 outcomes are:
(1,1), (1,2), (1,3), (1,4), (1,5), (1,6)
(2,1), (3,1), (4,1), (5,1), (6,1)

The probability of event A is the number of outcomes in A divided by the total number of outcomes:
P(A) = |A| / |S| = 11 / 36.

**Method 2: Using the Complement Event**

Let A be the event that at least one of the dice shows a 1.
The complement event, A', is that neither of the dice shows a 1.
This means that both dice show a number other than 1.
For each die, the possible outcomes that are not 1 are {2, 3, 4, 5, 6}. There are 5 such outcomes for each die.

So, the number of outcomes where neither die shows a 1 is $5 \times 5 = 25$.
These outcomes include: (2,2), (2,3), ..., (6,6).
The probability of A' is P(A') = |A'| / |S| = 25 / 36.

The probability of event A is P(A) = 1 - P(A').
P(A) = 1 - (25 / 36) = (36 - 25) / 36 = 11 / 36.

Both methods yield the same result.

The final answer is $\boxed{\frac{11}{36}}$.","Let S be the sample space of all possible outcomes when rolling two fair 6-sided dice.
Each die has 6 faces, so the total number of possible outcomes is $6 \times 6 = 36$.
We can represent each outcome as an ordered pair (d1, d2), where d1 is the result of the first die and d2 is the result of the second die.

Let A be the event that at least one of the dice shows a 1.
This means that either the first die shows a 1, or the second die shows a 1, or both dice show a 1.

We can solve this problem using two methods:

**Method 1: Direct Counting**

Let A1 be the event that the first die shows a 1.
The outcomes for A1 are: (1,1), (1,2), (1,3), (1,4), (1,5), (1,6). There are 6 such outcomes.

Let A2 be the event that the second die shows a 1.
The outcomes for A2 are: (1,1), (2,1), (3,1), (4,1), (5,1), (6,1). There are 6 such outcomes.

The event A (""at least one of the dice shows a 1"") is the union of A1 and A2 (A = A1 U A2).
When we list the outcomes for A1 and A2, we notice that the outcome (1,1) is common to both events.
Using the Principle of Inclusion-Exclusion, the number of outcomes in A is:
|A| = |A1| + |A2| - |A1 $\cap$ A2|
Where A1 $\cap$ A2 is the event that both dice show a 1, which is only the outcome (1,1). So, |A1 $\cap$ A2| = 1.

|A| = 6 + 6 - 1 = 11.

The 11 outcomes are:
(1,1), (1,2), (1,3), (1,4), (1,5), (1,6)
(2,1), (3,1), (4,1), (5,1), (6,1)

The probability of event A is the number of outcomes in A divided by the total number of outcomes:
P(A) = |A| / |S| = 11 / 36.

**Method 2: Using the Complement Event**

Let A be the event that at least one of the dice shows a 1.
The complement event, A', is that neither of the dice shows a 1.
This means that both dice show a number other than 1.
For each die, the possible outcomes that are not 1 are {2, 3, 4, 5, 6}. There are 5 such outcomes for each die.

So, the number of outcomes where neither die shows a 1 is $5 \times 5 = 25$.
These outcomes include: (2,2), (2,3), ..., (6,6).
The probability of A' is P(A') = |A'| / |S| = 25 / 36.

The probability of event A is P(A) = 1 - P(A').
P(A) = 1 - (25 / 36) = (36 - 25) / 36 = 11 / 36.

Both methods yield the same result.",\frac{11,33,,
8_gemini_baseline,2026-07-07 19:41:30,8,Level 5,Hard,gemini,baseline,"Since 9 out of the 12 possible results are one digit numbers, each die will show a one digit number with probability of $\frac{3}{4}$ and a two digit number with probability of $\frac{1}{4}$. The probability that two particular dice will show 2 two digit numbers and 2 one digit numbers is thus $\left(\frac{1}{4}\right)^2\left(\frac{3}{4}\right)^2$. There are $\binom{4}{2}=6$ ways to select which two dice will show one digit numbers, so we multiply to get the probability that we want: $6\cdot\left(\frac{1}{4}\right)^2\left(\frac{3}{4}\right)^2=\dfrac{54}{256}=\boxed{\dfrac{27}{128}}$.",\dfrac{27}{128},"Let N be the total number of dice rolled, so N = 4.
Each die is a 12-sided die, with numbers from 1 to 12.

First, we need to categorize the numbers on a single die into one-digit numbers and two-digit numbers.
One-digit numbers (1D): {1, 2, 3, 4, 5, 6, 7, 8, 9}. There are 9 such numbers.
Two-digit numbers (2D): {10, 11, 12}. There are 3 such numbers.

Let's determine the probability of rolling a one-digit number and a two-digit number for a single die:
Probability of rolling a one-digit number, P(1D) = (Number of 1D numbers) / (Total number of sides) = 9/12 = 3/4.
Probability of rolling a two-digit number, P(2D) = (Number of 2D numbers) / (Total number of sides) = 3/12 = 1/4.

Let X be the number of dice showing a two-digit number and Y be the number of dice showing a one-digit number.
We are given that the number of dice showing a two-digit number is equal to the number of dice showing a one-digit number.
So, X = Y.
Also, the total number of dice is 4, so X + Y = 4.

Substitute Y = X into the equation X + Y = 4:
X + X = 4
2X = 4
X = 2

Since X = Y, this means Y = 2 as well.
So, we need exactly 2 dice to show a two-digit number and exactly 2 dice to show a one-digit number.

This is a binomial probability problem. We have N=4 trials (dice rolls). For each trial, ""success"" can be defined as rolling a two-digit number (with probability p_success = P(2D) = 1/4), and ""failure"" is rolling a one-digit number (with probability p_failure = P(1D) = 3/4).
We want to find the probability of getting exactly k=2 successes.

The binomial probability formula is P(k successes) = C(N, k) * (p_success)^k * (p_failure)^(N-k).
In our case, N=4, k=2, p_success = 1/4, and p_failure = 3/4.

P(X=2) = C(4, 2) * (1/4)^2 * (3/4)^(4-2)
P(X=2) = C(4, 2) * (1/4)^2 * (3/4)^2

First, calculate the binomial coefficient C(4, 2):
C(4, 2) = 4! / (2! * (4-2)!) = 4! / (2! * 2!) = (4 * 3 * 2 * 1) / ((2 * 1) * (2 * 1)) = (4 * 3) / 2 = 12 / 2 = 6.

Now, substitute this value back into the probability formula:
P(X=2) = 6 * (1/4)^2 * (3/4)^2
P(X=2) = 6 * (1/16) * (9/16)
P(X=2) = (6 * 1 * 9) / (16 * 16)
P(X=2) = 54 / 256

Finally, simplify the fraction. Both 54 and 256 are divisible by 2:
54 / 2 = 27
256 / 2 = 128
So, P(X=2) = 27 / 128.

The numerator 27 is 3^3, and the denominator 128 is 2^7. They share no common factors other than 1, so the fraction is in its simplest form.

The final answer is $\boxed{\frac{27}{128}}$.","Let N be the total number of dice rolled, so N = 4.
Each die is a 12-sided die, with numbers from 1 to 12.

First, we need to categorize the numbers on a single die into one-digit numbers and two-digit numbers.
One-digit numbers (1D): {1, 2, 3, 4, 5, 6, 7, 8, 9}. There are 9 such numbers.
Two-digit numbers (2D): {10, 11, 12}. There are 3 such numbers.

Let's determine the probability of rolling a one-digit number and a two-digit number for a single die:
Probability of rolling a one-digit number, P(1D) = (Number of 1D numbers) / (Total number of sides) = 9/12 = 3/4.
Probability of rolling a two-digit number, P(2D) = (Number of 2D numbers) / (Total number of sides) = 3/12 = 1/4.

Let X be the number of dice showing a two-digit number and Y be the number of dice showing a one-digit number.
We are given that the number of dice showing a two-digit number is equal to the number of dice showing a one-digit number.
So, X = Y.
Also, the total number of dice is 4, so X + Y = 4.

Substitute Y = X into the equation X + Y = 4:
X + X = 4
2X = 4
X = 2

Since X = Y, this means Y = 2 as well.
So, we need exactly 2 dice to show a two-digit number and exactly 2 dice to show a one-digit number.

This is a binomial probability problem. We have N=4 trials (dice rolls). For each trial, ""success"" can be defined as rolling a two-digit number (with probability p_success = P(2D) = 1/4), and ""failure"" is rolling a one-digit number (with probability p_failure = P(1D) = 3/4).
We want to find the probability of getting exactly k=2 successes.

The binomial probability formula is P(k successes) = C(N, k) * (p_success)^k * (p_failure)^(N-k).
In our case, N=4, k=2, p_success = 1/4, and p_failure = 3/4.

P(X=2) = C(4, 2) * (1/4)^2 * (3/4)^(4-2)
P(X=2) = C(4, 2) * (1/4)^2 * (3/4)^2

First, calculate the binomial coefficient C(4, 2):
C(4, 2) = 4! / (2! * (4-2)!) = 4! / (2! * 2!) = (4 * 3 * 2 * 1) / ((2 * 1) * (2 * 1)) = (4 * 3) / 2 = 12 / 2 = 6.

Now, substitute this value back into the probability formula:
P(X=2) = 6 * (1/4)^2 * (3/4)^2
P(X=2) = 6 * (1/16) * (9/16)
P(X=2) = (6 * 1 * 9) / (16 * 16)
P(X=2) = 54 / 256

Finally, simplify the fraction. Both 54 and 256 are divisible by 2:
54 / 2 = 27
256 / 2 = 128
So, P(X=2) = 27 / 128.

The numerator 27 is 3^3, and the denominator 128 is 2^7. They share no common factors other than 1, so the fraction is in its simplest form.",\frac{27,36,,
9_gemini_baseline,2026-07-07 19:41:40,9,Level 2,Easy,gemini,baseline,"We will subtract the probability that the product is odd from 1 to get the probability that the product is even. In order for the product to be odd, we must have both numbers be odd. There are $2\cdot2=4$ possibilities for this (a 3 or 5 is spun on the left spinner and a 5 or 7 on the right) out of a total of $3\cdot4=12$ possibilities, so the probability that the product is odd is $4/12=1/3$. The probability that the product is even is $1-1/3=\boxed{\frac{2}{3}}$.",\frac{2}{3},"To solve this problem, we need to consider the possible outcomes of each spinner and how their product results in an even number.

First, let's list the numbers on each spinner and determine the probability of spinning an even or odd number for each.

**Spinner 1 (divided into thirds):**
The numbers are 3, 4, 5.
- Number of even numbers: 1 (which is 4)
- Number of odd numbers: 2 (which are 3, 5)
The probability of spinning an even number on Spinner 1 is P(S1 is even) = 1/3.
The probability of spinning an odd number on Spinner 1 is P(S1 is odd) = 2/3.

**Spinner 2 (divided into quarters):**
The numbers are 5, 6, 7, 8.
- Number of even numbers: 2 (which are 6, 8)
- Number of odd numbers: 2 (which are 5, 7)
The probability of spinning an even number on Spinner 2 is P(S2 is even) = 2/4 = 1/2.
The probability of spinning an odd number on Spinner 2 is P(S2 is odd) = 2/4 = 1/2.

We are looking for the probability that the product of the results of the two spins will be an even number.
A product of two integers is even if at least one of the integers is even.
A product of two integers is odd only if both integers are odd.

It's often easier to calculate the probability of the complementary event (the product being odd) and subtract it from 1.

**Calculate the probability that the product is odd:**
For the product of the two spins to be an odd number, both results must be odd numbers.
P(Product is odd) = P(S1 is odd AND S2 is odd)
Since the two spins are independent events, we can multiply their probabilities:
P(Product is odd) = P(S1 is odd) * P(S2 is odd)
P(Product is odd) = (2/3) * (1/2)
P(Product is odd) = 2/6
P(Product is odd) = 1/3

**Calculate the probability that the product is even:**
The probability that the product is even is 1 minus the probability that the product is odd.
P(Product is even) = 1 - P(Product is odd)
P(Product is even) = 1 - 1/3
P(Product is even) = 3/3 - 1/3
P(Product is even) = 2/3

Alternatively, we can list all possible outcomes and their products:
Total possible outcomes = (number of outcomes for S1) * (number of outcomes for S2) = 3 * 4 = 12 outcomes.
Each outcome has a probability of (1/3) * (1/4) = 1/12.

Let's list the pairs (S1, S2) and their products, noting if the product is even or odd:
1. (3, 5) -> 15 (Odd)
2. (3, 6) -> 18 (Even)
3. (3, 7) -> 21 (Odd)
4. (3, 8) -> 24 (Even)
5. (4, 5) -> 20 (Even)
6. (4, 6) -> 24 (Even)
7. (4, 7) -> 28 (Even)
8. (4, 8) -> 32 (Even)
9. (5, 5) -> 25 (Odd)
10. (5, 6) -> 30 (Even)
11. (5, 7) -> 35 (Odd)
12. (5, 8) -> 40 (Even)

Counting the even products: There are 8 outcomes where the product is even.
The probability of an even product is 8/12, which simplifies to 2/3.

The final answer is $\boxed{\frac{2}{3}}$.","To solve this problem, we need to consider the possible outcomes of each spinner and how their product results in an even number.

First, let's list the numbers on each spinner and determine the probability of spinning an even or odd number for each.

**Spinner 1 (divided into thirds):**
The numbers are 3, 4, 5.
- Number of even numbers: 1 (which is 4)
- Number of odd numbers: 2 (which are 3, 5)
The probability of spinning an even number on Spinner 1 is P(S1 is even) = 1/3.
The probability of spinning an odd number on Spinner 1 is P(S1 is odd) = 2/3.

**Spinner 2 (divided into quarters):**
The numbers are 5, 6, 7, 8.
- Number of even numbers: 2 (which are 6, 8)
- Number of odd numbers: 2 (which are 5, 7)
The probability of spinning an even number on Spinner 2 is P(S2 is even) = 2/4 = 1/2.
The probability of spinning an odd number on Spinner 2 is P(S2 is odd) = 2/4 = 1/2.

We are looking for the probability that the product of the results of the two spins will be an even number.
A product of two integers is even if at least one of the integers is even.
A product of two integers is odd only if both integers are odd.

It's often easier to calculate the probability of the complementary event (the product being odd) and subtract it from 1.

**Calculate the probability that the product is odd:**
For the product of the two spins to be an odd number, both results must be odd numbers.
P(Product is odd) = P(S1 is odd AND S2 is odd)
Since the two spins are independent events, we can multiply their probabilities:
P(Product is odd) = P(S1 is odd) * P(S2 is odd)
P(Product is odd) = (2/3) * (1/2)
P(Product is odd) = 2/6
P(Product is odd) = 1/3

**Calculate the probability that the product is even:**
The probability that the product is even is 1 minus the probability that the product is odd.
P(Product is even) = 1 - P(Product is odd)
P(Product is even) = 1 - 1/3
P(Product is even) = 3/3 - 1/3
P(Product is even) = 2/3

Alternatively, we can list all possible outcomes and their products:
Total possible outcomes = (number of outcomes for S1) * (number of outcomes for S2) = 3 * 4 = 12 outcomes.
Each outcome has a probability of (1/3) * (1/4) = 1/12.

Let's list the pairs (S1, S2) and their products, noting if the product is even or odd:
1. (3, 5) -> 15 (Odd)
2. (3, 6) -> 18 (Even)
3. (3, 7) -> 21 (Odd)
4. (3, 8) -> 24 (Even)
5. (4, 5) -> 20 (Even)
6. (4, 6) -> 24 (Even)
7. (4, 7) -> 28 (Even)
8. (4, 8) -> 32 (Even)
9. (5, 5) -> 25 (Odd)
10. (5, 6) -> 30 (Even)
11. (5, 7) -> 35 (Odd)
12. (5, 8) -> 40 (Even)

Counting the even products: There are 8 outcomes where the product is even.
The probability of an even product is 8/12, which simplifies to 2/3.",\frac{2,50,,
10_gemini_baseline,2026-07-07 19:42:06,10,Level 5,Hard,gemini,baseline,"We will calculate the probability of her hearing every second of her favorite song and then subtract that from 1 to get the probability that we're looking for. There are a total of $10!$ ways in which the 10 songs can be ordered. If her favorite song is the first song, she obviously hears the whole thing, and then there are $9!$ ways to order the other songs. If the first song is the 30 second song, then she will hear the entirety of her favorite song if and only if it is played as the second song, after which there are $8!$ ways to order the other songs. Finally, if the first song is the 1 minute song, she will hear her favorite song if and only if it is played as the second song, after which there are $8!$ ways to order the other songs. If the first song is longer than a minute, or if two songs are played before her first song, she won't have time to hear all of her favorite song in the first 4 minutes, 30 seconds. So out of the $10!$ ways of ordering the 10 songs, there are $9! + 8! + 8!$ ways that result in her hearing the full song for a probability of $\dfrac{9!+8!+8!}{10!}=\dfrac{8!}{8!}\cdot\dfrac{9+1+1}{10\cdot9}=\dfrac{11}{90}$. But that is the probability that what we want $\emph{doesn't}$ happen, so we need to subtract it from 1 to get our final probability of $1-\dfrac{11}{90}=\boxed{\dfrac{79}{90}}$",\dfrac{79}{90},"The problem asks for the probability that Celeste hears the first 4 minutes, 30 seconds of music without hearing every second of her favorite song. The songs are played in random order without pauses.

First, let's list the lengths of the 10 songs in seconds:
The shortest song is 30 seconds. Each subsequent song is 30 seconds longer than the previous one.
S1: 30 seconds
S2: 60 seconds (1 minute)
S3: 90 seconds (1 minute, 30 seconds)
S4: 120 seconds (2 minutes)
S5: 150 seconds (2 minutes, 30 seconds)
S6: 180 seconds (3 minutes)
S7: 210 seconds (3 minutes, 30 seconds) - This is Celeste's favorite song.
S8: 240 seconds (4 minutes)
S9: 270 seconds (4 minutes, 30 seconds)
S10: 300 seconds (5 minutes)

The total duration of music we are interested in is 4 minutes, 30 seconds, which is 270 seconds.

We want to find the probability that she hears the first 270 seconds of music *without* hearing every second of her favorite song (S7). This means either:
1.  S7 is not played at all within the first 270 seconds.
2.  S7 starts playing, but the 270-second mark is reached before S7 finishes (i.e., S7 is cut off).

It's easier to calculate the probability of the *complement* event: ""She hears every second of her favorite song (S7) within the first 270 seconds of music."" Let's call this event A.
If we find P(A), then the answer to the problem will be 1 - P(A).

For S7 to be heard completely within the first 270 seconds, it must start playing at some point, and its entire length (210 seconds) must elapse before or exactly at the 270-second mark.
Let the sum of the lengths of songs played *before* S7 be L_pre.
Then, for S7 to be fully heard, L_pre + Length(S7) <= 270 seconds.
L_pre + 210 <= 270
L_pre <= 270 - 210
L_pre <= 60 seconds.

Now, we need to find the possible scenarios where the sum of lengths of songs played before S7 is at most 60 seconds. The songs available to be played before S7 are all songs except S7 itself. Their lengths are {30, 60, 90, 120, 150, 180, 240, 270, 300}.

Let's consider the number of songs played before S7:

*   **Zero songs before S7 (L_pre = 0):** This means S7 is the very first song played.
    The condition L_pre <= 60 is satisfied (0 <= 60).
    The probability that S7 is the first song is 1/10.

*   **One song before S7:** Let this song be Sx.
    Its length L_Sx must be <= 60 seconds.
    Looking at the available song lengths (excluding S7), the songs that fit this condition are:
    *   S1 (length 30 seconds)
    *   S2 (length 60 seconds)
    So, if S1 is the first song, and S7 is the second song, this works.
    If S2 is the first song, and S7 is the second song, this also works.
    The probability that S1 is first and S7 is second is (1/10) * (1/9) = 1/90.
    The probability that S2 is first and S7 is second is (1/10) * (1/9) = 1/90.

*   **Two or more songs before S7:** Let the two songs played before S7 be Sx and Sy.
    Their combined length L_Sx + L_Sy must be <= 60 seconds.
    The smallest sum of two *distinct* song lengths from the set {30, 60, 90, ...} is S1 + S2 = 30 + 60 = 90 seconds.
    Since 90 seconds is greater than 60 seconds, it is impossible to play two or more distinct songs before S7 such that their total length is <= 60 seconds.

Therefore, the only ways for Celeste to hear every second of her favorite song (S7) within the first 270 seconds are:
1.  S7 is the first song played.
2.  S1 is the first song, and S7 is the second song.
3.  S2 is the first song, and S7 is the second song.

These are mutually exclusive events. Let's sum their probabilities:
P(A) = P(S7 is 1st) + P(S1 is 1st AND S7 is 2nd) + P(S2 is 1st AND S7 is 2nd)
P(A) = 1/10 + 1/90 + 1/90
To sum these fractions, find a common denominator, which is 90:
P(A) = 9/90 + 1/90 + 1/90
P(A) = (9 + 1 + 1) / 90
P(A) = 11/90

This is the probability that she *does* hear every second of her favorite song within the first 270 seconds.

The problem asks for the probability that she hears the first 270 seconds of music *without* hearing every second of her favorite song. This is the complement of event A:
P(not A) = 1 - P(A)
P(not A) = 1 - 11/90
P(not A) = (90 - 11) / 90
P(not A) = 79/90

The final answer is $\boxed{\frac{79}{90}}$.","The problem asks for the probability that Celeste hears the first 4 minutes, 30 seconds of music without hearing every second of her favorite song. The songs are played in random order without pauses.

First, let's list the lengths of the 10 songs in seconds:
The shortest song is 30 seconds. Each subsequent song is 30 seconds longer than the previous one.
S1: 30 seconds
S2: 60 seconds (1 minute)
S3: 90 seconds (1 minute, 30 seconds)
S4: 120 seconds (2 minutes)
S5: 150 seconds (2 minutes, 30 seconds)
S6: 180 seconds (3 minutes)
S7: 210 seconds (3 minutes, 30 seconds) - This is Celeste's favorite song.
S8: 240 seconds (4 minutes)
S9: 270 seconds (4 minutes, 30 seconds)
S10: 300 seconds (5 minutes)

The total duration of music we are interested in is 4 minutes, 30 seconds, which is 270 seconds.

We want to find the probability that she hears the first 270 seconds of music *without* hearing every second of her favorite song (S7). This means either:
1.  S7 is not played at all within the first 270 seconds.
2.  S7 starts playing, but the 270-second mark is reached before S7 finishes (i.e., S7 is cut off).

It's easier to calculate the probability of the *complement* event: ""She hears every second of her favorite song (S7) within the first 270 seconds of music."" Let's call this event A.
If we find P(A), then the answer to the problem will be 1 - P(A).

For S7 to be heard completely within the first 270 seconds, it must start playing at some point, and its entire length (210 seconds) must elapse before or exactly at the 270-second mark.
Let the sum of the lengths of songs played *before* S7 be L_pre.
Then, for S7 to be fully heard, L_pre + Length(S7) <= 270 seconds.
L_pre + 210 <= 270
L_pre <= 270 - 210
L_pre <= 60 seconds.

Now, we need to find the possible scenarios where the sum of lengths of songs played before S7 is at most 60 seconds. The songs available to be played before S7 are all songs except S7 itself. Their lengths are {30, 60, 90, 120, 150, 180, 240, 270, 300}.

Let's consider the number of songs played before S7:

*   **Zero songs before S7 (L_pre = 0):** This means S7 is the very first song played.
    The condition L_pre <= 60 is satisfied (0 <= 60).
    The probability that S7 is the first song is 1/10.

*   **One song before S7:** Let this song be Sx.
    Its length L_Sx must be <= 60 seconds.
    Looking at the available song lengths (excluding S7), the songs that fit this condition are:
    *   S1 (length 30 seconds)
    *   S2 (length 60 seconds)
    So, if S1 is the first song, and S7 is the second song, this works.
    If S2 is the first song, and S7 is the second song, this also works.
    The probability that S1 is first and S7 is second is (1/10) * (1/9) = 1/90.
    The probability that S2 is first and S7 is second is (1/10) * (1/9) = 1/90.

*   **Two or more songs before S7:** Let the two songs played before S7 be Sx and Sy.
    Their combined length L_Sx + L_Sy must be <= 60 seconds.
    The smallest sum of two *distinct* song lengths from the set {30, 60, 90, ...} is S1 + S2 = 30 + 60 = 90 seconds.
    Since 90 seconds is greater than 60 seconds, it is impossible to play two or more distinct songs before S7 such that their total length is <= 60 seconds.

Therefore, the only ways for Celeste to hear every second of her favorite song (S7) within the first 270 seconds are:
1.  S7 is the first song played.
2.  S1 is the first song, and S7 is the second song.
3.  S2 is the first song, and S7 is the second song.

These are mutually exclusive events. Let's sum their probabilities:
P(A) = P(S7 is 1st) + P(S1 is 1st AND S7 is 2nd) + P(S2 is 1st AND S7 is 2nd)
P(A) = 1/10 + 1/90 + 1/90
To sum these fractions, find a common denominator, which is 90:
P(A) = 9/90 + 1/90 + 1/90
P(A) = (9 + 1 + 1) / 90
P(A) = 11/90

This is the probability that she *does* hear every second of her favorite song within the first 270 seconds.

The problem asks for the probability that she hears the first 270 seconds of music *without* hearing every second of her favorite song. This is the complement of event A:
P(not A) = 1 - P(A)
P(not A) = 1 - 11/90
P(not A) = (90 - 11) / 90
P(not A) = 79/90",\frac{79,60,,
1_gemini_cot,2026-07-07 19:42:14,1,Level 4,Hard,gemini,cot,"We can find the probability that no women are selected and subtract it from 1 to find the probability that at least one woman is selected. To find the probability that only men are selected, we consider that the chance that the first person selected is male is $\frac{7}{10}$. Then the probability that the second person selected is male is reduced to $\frac{6}{9}=\frac{2}{3}$. For the third person, the probability is $\frac{5}{8}$. So the probability that only men are selected is $$\frac{7}{10}\cdot\frac{2}{3}\cdot\frac{5}{8}=\frac{7}{24}.$$ Notice that the 2 and 5 in the numerator cancel with the 10 in the denominator to leave $\frac{7}{24}$. Now we subtract from 1 to find the probability that at least one woman is selected. The probability is $1-\frac{7}{24}=\boxed{\frac{17}{24}}$.",\frac{17}{24},"To solve this problem, we need to find the probability that at least one woman is selected when three people are chosen at random from a group of seven men and three women.

Let's break down the problem:

1.  **Calculate the total number of people in the group.**
    Number of men = 7
    Number of women = 3
    Total number of people = 7 + 3 = 10

2.  **Calculate the total number of ways to select 3 people from the group of 10.**
    This is a combination problem, as the order of selection does not matter. The formula for combinations is C(n, k) = n! / (k! * (n-k)!).
    Total ways to select 3 people from 10 = C(10, 3)
    C(10, 3) = 10! / (3! * (10-3)!)
    = 10! / (3! * 7!)
    = (10 * 9 * 8 * 7!) / ((3 * 2 * 1) * 7!)
    = (10 * 9 * 8) / (3 * 2 * 1)
    = (10 * 3 * 4) / 1
    = 120

    So, there are 120 possible ways to select 3 people from the group.

3.  **Calculate the probability of ""at least one woman"".**
    It's often easier to calculate the probability of the complementary event and subtract it from 1. The complement of ""at least one woman"" is ""no women"" (meaning all three selected people are men).

    *   **Calculate the number of ways to select no women (i.e., all 3 men).**
        We need to select 3 men from the 7 available men.
        Number of ways to select 3 men from 7 = C(7, 3)
        C(7, 3) = 7! / (3! * (7-3)!)
        = 7! / (3! * 4!)
        = (7 * 6 * 5 * 4!) / ((3 * 2 * 1) * 4!)
        = (7 * 6 * 5) / (3 * 2 * 1)
        = 7 * 5
        = 35

    *   **Calculate the probability of selecting no women.**
        P(no women) = (Number of ways to select 3 men) / (Total number of ways to select 3 people)
        P(no women) = 35 / 120

        Simplify the fraction: Both 35 and 120 are divisible by 5.
        35 / 5 = 7
        120 / 5 = 24
        So, P(no women) = 7 / 24

    *   **Calculate the probability of selecting at least one woman.**
        P(at least one woman) = 1 - P(no women)
        P(at least one woman) = 1 - (7 / 24)
        P(at least one woman) = (24 / 24) - (7 / 24)
        P(at least one woman) = (24 - 7) / 24
        P(at least one woman) = 17 / 24

The final answer is $\boxed{\frac{17}{24}}$.","To solve this problem, we need to find the probability that at least one woman is selected when three people are chosen at random from a group of seven men and three women.

Let's break down the problem:

1.  **Calculate the total number of people in the group.**
    Number of men = 7
    Number of women = 3
    Total number of people = 7 + 3 = 10

2.  **Calculate the total number of ways to select 3 people from the group of 10.**
    This is a combination problem, as the order of selection does not matter. The formula for combinations is C(n, k) = n! / (k! * (n-k)!).
    Total ways to select 3 people from 10 = C(10, 3)
    C(10, 3) = 10! / (3! * (10-3)!)
    = 10! / (3! * 7!)
    = (10 * 9 * 8 * 7!) / ((3 * 2 * 1) * 7!)
    = (10 * 9 * 8) / (3 * 2 * 1)
    = (10 * 3 * 4) / 1
    = 120

    So, there are 120 possible ways to select 3 people from the group.

3.  **Calculate the probability of ""at least one woman"".**
    It's often easier to calculate the probability of the complementary event and subtract it from 1. The complement of ""at least one woman"" is ""no women"" (meaning all three selected people are men).

    *   **Calculate the number of ways to select no women (i.e., all 3 men).**
        We need to select 3 men from the 7 available men.
        Number of ways to select 3 men from 7 = C(7, 3)
        C(7, 3) = 7! / (3! * (7-3)!)
        = 7! / (3! * 4!)
        = (7 * 6 * 5 * 4!) / ((3 * 2 * 1) * 4!)
        = (7 * 6 * 5) / (3 * 2 * 1)
        = 7 * 5
        = 35

    *   **Calculate the probability of selecting no women.**
        P(no women) = (Number of ways to select 3 men) / (Total number of ways to select 3 people)
        P(no women) = 35 / 120

        Simplify the fraction: Both 35 and 120 are divisible by 5.
        35 / 5 = 7
        120 / 5 = 24
        So, P(no women) = 7 / 24

    *   **Calculate the probability of selecting at least one woman.**
        P(at least one woman) = 1 - P(no women)
        P(at least one woman) = 1 - (7 / 24)
        P(at least one woman) = (24 / 24) - (7 / 24)
        P(at least one woman) = (24 - 7) / 24
        P(at least one woman) = 17 / 24",\frac{17,40,,
2_gemini_cot,2026-07-07 19:42:19,2,Level 2,Easy,gemini,cot,"For the first die to be less than three, it must be a 1 or a 2, which occurs with probability $\frac{1}{3}$. For the second die to be greater than 3, it must be a 4 or a 5 or a 6, which occurs with probability $\frac{1}{2}$. The probability of both of these events occuring, as they are independent, is $\frac{1}{3} \cdot \frac{1}{2} = \boxed{\frac{1}{6}}$.",\frac{1}{6},"To solve this problem, we need to determine the probabilities of two independent events and then multiply them.

**Step 1: Determine the probability of the first event.**
The first event is rolling a number less than three on the first die.
A standard six-sided die has faces numbered 1, 2, 3, 4, 5, 6.
The numbers less than three are 1 and 2.
There are 2 favorable outcomes.
The total number of possible outcomes is 6.
The probability of rolling a number less than three on the first die is:
P(first die < 3) = (Number of favorable outcomes) / (Total number of outcomes) = 2/6 = 1/3.

**Step 2: Determine the probability of the second event.**
The second event is rolling a number greater than three on the second die.
The numbers greater than three are 4, 5, and 6.
There are 3 favorable outcomes.
The total number of possible outcomes is 6.
The probability of rolling a number greater than three on the second die is:
P(second die > 3) = (Number of favorable outcomes) / (Total number of outcomes) = 3/6 = 1/2.

**Step 3: Calculate the probability of both events occurring.**
Since the two events (rolling the first die and rolling the second die) are independent, the probability that both events occur is the product of their individual probabilities.
P(first die < 3 AND second die > 3) = P(first die < 3) × P(second die > 3)
P(first die < 3 AND second die > 3) = (1/3) × (1/2)
P(first die < 3 AND second die > 3) = 1/6

The final answer should be expressed as a common fraction, which 1/6 is.

The final answer is $\boxed{\frac{1}{6}}$.","To solve this problem, we need to determine the probabilities of two independent events and then multiply them.

**Step 1: Determine the probability of the first event.**
The first event is rolling a number less than three on the first die.
A standard six-sided die has faces numbered 1, 2, 3, 4, 5, 6.
The numbers less than three are 1 and 2.
There are 2 favorable outcomes.
The total number of possible outcomes is 6.
The probability of rolling a number less than three on the first die is:
P(first die < 3) = (Number of favorable outcomes) / (Total number of outcomes) = 2/6 = 1/3.

**Step 2: Determine the probability of the second event.**
The second event is rolling a number greater than three on the second die.
The numbers greater than three are 4, 5, and 6.
There are 3 favorable outcomes.
The total number of possible outcomes is 6.
The probability of rolling a number greater than three on the second die is:
P(second die > 3) = (Number of favorable outcomes) / (Total number of outcomes) = 3/6 = 1/2.

**Step 3: Calculate the probability of both events occurring.**
Since the two events (rolling the first die and rolling the second die) are independent, the probability that both events occur is the product of their individual probabilities.
P(first die < 3 AND second die > 3) = P(first die < 3) × P(second die > 3)
P(first die < 3 AND second die > 3) = (1/3) × (1/2)
P(first die < 3 AND second die > 3) = 1/6

The",\frac{1,22,,
3_gemini_cot,2026-07-07 19:42:22,3,Level 3,Medium,gemini,cot,"If the odds for pulling a prize out of the box are $3:4$, that means that 3 out of 7 times will result in a prize, while 4 out of 7 times will not. So the probability of not pulling the prize out of the box is $\boxed{\frac{4}{7}}$.",\frac{4}{7},"To solve this problem, we first need to understand what ""odds for"" means and how it relates to probability.

1.  **Understand the Odds:**
    The odds for pulling a prize out of the box are given as $3:4$.
    This ratio means:
    *   The number of favorable outcomes (pulling a prize) = 3
    *   The number of unfavorable outcomes (not pulling a prize) = 4

2.  **Calculate the Total Number of Outcomes:**
    The total number of possible outcomes is the sum of favorable and unfavorable outcomes.
    Total outcomes = (Number of ways to pull a prize) + (Number of ways to not pull a prize)
    Total outcomes = 3 + 4 = 7

3.  **Calculate the Probability of Not Pulling a Prize:**
    The probability of an event is defined as the ratio of the number of favorable outcomes for that event to the total number of possible outcomes.
    In this case, we want the probability of *not* pulling a prize. The number of outcomes where you *do not* pull a prize is 4 (from the odds ratio).
    Probability (not pulling a prize) = (Number of ways to not pull a prize) / (Total number of outcomes)
    Probability (not pulling a prize) = 4 / 7

The answer is already in the form of a common fraction and cannot be simplified further.

The final answer is $\boxed{\frac{4}{7}}$.","To solve this problem, we first need to understand what ""odds for"" means and how it relates to probability.

1.  **Understand the Odds:**
    The odds for pulling a prize out of the box are given as $3:4$.
    This ratio means:
    *   The number of favorable outcomes (pulling a prize) = 3
    *   The number of unfavorable outcomes (not pulling a prize) = 4

2.  **Calculate the Total Number of Outcomes:**
    The total number of possible outcomes is the sum of favorable and unfavorable outcomes.
    Total outcomes = (Number of ways to pull a prize) + (Number of ways to not pull a prize)
    Total outcomes = 3 + 4 = 7

3.  **Calculate the Probability of Not Pulling a Prize:**
    The probability of an event is defined as the ratio of the number of favorable outcomes for that event to the total number of possible outcomes.
    In this case, we want the probability of *not* pulling a prize. The number of outcomes where you *do not* pull a prize is 4 (from the odds ratio).
    Probability (not pulling a prize) = (Number of ways to not pull a prize) / (Total number of outcomes)
    Probability (not pulling a prize) = 4 / 7

The answer is already in the form of a common fraction and cannot be simplified further.",\frac{4,16,,
4_gemini_cot,2026-07-07 19:42:56,4,Level 5,Hard,gemini,cot,"We put the time the train arrives on the $y$-axis and the time  John arrives on the $x$-axis, and shade in the region where John arrives while the train is there.

[asy]
draw((0,0)--(60,0));
draw((0,0)--(0,60)--(60,60)--(60,0));
label(""2:00"", (0,0), SW);
label(""3:00"", (60,0), S);
label(""3:00"", (0,60), W);
label(""2:20"",(20,0),S);
fill((0,0)--(60,60)--(60,40)--(20,0)--cycle, gray(.7));
[/asy]

The probability that John arrives while the train is at the station is the ratio of the shaded area to the whole square. If we divide the axes into 60 units, the shaded region can be split up into a triangle of area $20\cdot 20/2=200$ square units and a parallelogram of area $20\cdot 40=800$ square units, and the whole square has an area of 3600 square units. The ratio is $1000/3600=\boxed{\frac{5}{18}}$.",\frac{5}{18},"Let T be the arrival time of the train and J be the arrival time of John. Both times are uniformly random between 2:00 and 3:00.
We can normalize the time interval to be from 0 to 60 minutes. So, 2:00 corresponds to 0 and 3:00 corresponds to 60.
Thus, T and J are independent random variables, uniformly distributed on the interval [0, 60].

The sample space for (T, J) is a square in the T-J plane with vertices (0,0), (60,0), (60,60), and (0,60). The area of this sample space is 60 * 60 = 3600 square minutes.

The train arrives at time T and waits for 20 minutes. This means the train is present on the platform during the time interval [T, T+20].
John catches the train if his arrival time J falls within this interval. That is, T <= J <= T+20.

We need to find the area of the region within the 60x60 square that satisfies the condition T <= J <= T+20.
This region is bounded by the lines J = T and J = T+20.

Let's divide the calculation into two parts, depending on the value of T:

Case 1: T+20 <= 60, which means T <= 40.
In this case, the entire waiting interval [T, T+20] is within the 0-60 minute range.
For T between 0 and 40, John will catch the train if his arrival time J is between T and T+20. The length of this favorable interval for J is (T+20) - T = 20 minutes.

Case 2: T+20 > 60, which means T > 40.
In this case, the train's departure time (T+20) would be after 3:00 (60 minutes). However, John cannot arrive after 3:00. So, John can only catch the train if he arrives between T and 60 minutes.
For T between 40 and 60, John will catch the train if his arrival time J is between T and 60. The length of this favorable interval for J is 60 - T minutes.

Now, we can calculate the total area of the favorable region by integrating over these two cases:

Favorable Area = (Integral from T=0 to T=40 of 20 dT) + (Integral from T=40 to T=60 of (60 - T) dT)

1. First integral:
   ∫[0 to 40] 20 dT = [20T]_0^40 = (20 * 40) - (20 * 0) = 800.

2. Second integral:
   ∫[40 to 60] (60 - T) dT = [60T - T^2/2]_40^60
     = (60 * 60 - 60^2/2) - (60 * 40 - 40^2/2)
     = (3600 - 1800) - (2400 - 800)
     = 1800 - 1600 = 200.

Total Favorable Area = 800 + 200 = 1000 square minutes.

The total area of the sample space is 3600 square minutes.
The probability that John catches the train is the ratio of the favorable area to the total sample space area:
Probability = Favorable Area / Total Area = 1000 / 3600 = 10 / 36 = 5 / 18.

The final answer is $\boxed{\frac{5}{18}}$.","Let T be the arrival time of the train and J be the arrival time of John. Both times are uniformly random between 2:00 and 3:00.
We can normalize the time interval to be from 0 to 60 minutes. So, 2:00 corresponds to 0 and 3:00 corresponds to 60.
Thus, T and J are independent random variables, uniformly distributed on the interval [0, 60].

The sample space for (T, J) is a square in the T-J plane with vertices (0,0), (60,0), (60,60), and (0,60). The area of this sample space is 60 * 60 = 3600 square minutes.

The train arrives at time T and waits for 20 minutes. This means the train is present on the platform during the time interval [T, T+20].
John catches the train if his arrival time J falls within this interval. That is, T <= J <= T+20.

We need to find the area of the region within the 60x60 square that satisfies the condition T <= J <= T+20.
This region is bounded by the lines J = T and J = T+20.

Let's divide the calculation into two parts, depending on the value of T:

Case 1: T+20 <= 60, which means T <= 40.
In this case, the entire waiting interval [T, T+20] is within the 0-60 minute range.
For T between 0 and 40, John will catch the train if his arrival time J is between T and T+20. The length of this favorable interval for J is (T+20) - T = 20 minutes.

Case 2: T+20 > 60, which means T > 40.
In this case, the train's departure time (T+20) would be after 3:00 (60 minutes). However, John cannot arrive after 3:00. So, John can only catch the train if he arrives between T and 60 minutes.
For T between 40 and 60, John will catch the train if his arrival time J is between T and 60. The length of this favorable interval for J is 60 - T minutes.

Now, we can calculate the total area of the favorable region by integrating over these two cases:

Favorable Area = (Integral from T=0 to T=40 of 20 dT) + (Integral from T=40 to T=60 of (60 - T) dT)

1. First integral:
   ∫[0 to 40] 20 dT = [20T]_0^40 = (20 * 40) - (20 * 0) = 800.

2. Second integral:
   ∫[40 to 60] (60 - T) dT = [60T - T^2/2]_40^60
     = (60 * 60 - 60^2/2) - (60 * 40 - 40^2/2)
     = (3600 - 1800) - (2400 - 800)
     = 1800 - 1600 = 200.

Total Favorable Area = 800 + 200 = 1000 square minutes.

The total area of the sample space is 3600 square minutes.
The probability that John catches the train is the ratio of the favorable area to the total sample space area:
Probability = Favorable Area / Total Area = 1000 / 3600 = 10 / 36 = 5 / 18.",\frac{5,28,,
5_gemini_cot,2026-07-07 19:43:04,5,Level 3,Medium,gemini,cot,The probability is $\dfrac{4}{52} \times \dfrac{4}{51} \times \dfrac{4}{50} = \boxed{\frac{8}{16575}}$.,\frac{8}{16575},"To solve this problem, we need to calculate the probability of a sequence of events occurring without replacement. The events are:
1. The first card dealt is a Jack.
2. The second card dealt is a Queen.
3. The third card dealt is a King.

We will calculate the probability of each event happening in sequence, considering the deck changes after each card is dealt.

**Step 1: Probability that the first card is a Jack.**
*   A standard deck has 52 cards.
*   There are 4 Jacks in a standard deck.
*   The probability of drawing a Jack as the first card is the number of Jacks divided by the total number of cards:
    $P(\text{1st card is Jack}) = \frac{4}{52}$

**Step 2: Probability that the second card is a Queen, given the first card was a Jack.**
*   After the first card (a Jack) is dealt, there are now 51 cards remaining in the deck.
*   Since the first card was a Jack, all 4 Queens are still in the deck.
*   The probability of drawing a Queen as the second card is the number of Queens divided by the remaining number of cards:
    $P(\text{2nd card is Queen | 1st card is Jack}) = \frac{4}{51}$

**Step 3: Probability that the third card is a King, given the first card was a Jack and the second card was a Queen.**
*   After the first two cards (a Jack and a Queen) are dealt, there are now 50 cards remaining in the deck.
*   Since the first two cards were a Jack and a Queen, all 4 Kings are still in the deck.
*   The probability of drawing a King as the third card is the number of Kings divided by the remaining number of cards:
    $P(\text{3rd card is King | 1st is Jack, 2nd is Queen}) = \frac{4}{50}$

**Step 4: Calculate the total probability.**
To find the probability of all three events happening in this specific order, we multiply the probabilities from each step:
$P(\text{1st is Jack AND 2nd is Queen AND 3rd is King}) = P(\text{1st is Jack}) \times P(\text{2nd is Queen | 1st is Jack}) \times P(\text{3rd is King | 1st is Jack, 2nd is Queen})$
$P = \frac{4}{52} \times \frac{4}{51} \times \frac{4}{50}$

Now, let's perform the multiplication:
$P = \frac{4 \times 4 \times 4}{52 \times 51 \times 50}$
$P = \frac{64}{132600}$

Finally, simplify the fraction by dividing both the numerator and the denominator by their greatest common divisor. Both are divisible by 8:
$64 \div 8 = 8$
$132600 \div 8 = 16575$

So, the simplified probability is $\frac{8}{16575}$.

The final answer is $\boxed{\frac{8}{16575}}$.","To solve this problem, we need to calculate the probability of a sequence of events occurring without replacement. The events are:
1. The first card dealt is a Jack.
2. The second card dealt is a Queen.
3. The third card dealt is a King.

We will calculate the probability of each event happening in sequence, considering the deck changes after each card is dealt.

**Step 1: Probability that the first card is a Jack.**
*   A standard deck has 52 cards.
*   There are 4 Jacks in a standard deck.
*   The probability of drawing a Jack as the first card is the number of Jacks divided by the total number of cards:
    $P(\text{1st card is Jack}) = \frac{4}{52}$

**Step 2: Probability that the second card is a Queen, given the first card was a Jack.**
*   After the first card (a Jack) is dealt, there are now 51 cards remaining in the deck.
*   Since the first card was a Jack, all 4 Queens are still in the deck.
*   The probability of drawing a Queen as the second card is the number of Queens divided by the remaining number of cards:
    $P(\text{2nd card is Queen | 1st card is Jack}) = \frac{4}{51}$

**Step 3: Probability that the third card is a King, given the first card was a Jack and the second card was a Queen.**
*   After the first two cards (a Jack and a Queen) are dealt, there are now 50 cards remaining in the deck.
*   Since the first two cards were a Jack and a Queen, all 4 Kings are still in the deck.
*   The probability of drawing a King as the third card is the number of Kings divided by the remaining number of cards:
    $P(\text{3rd card is King | 1st is Jack, 2nd is Queen}) = \frac{4}{50}$

**Step 4: Calculate the total probability.**
To find the probability of all three events happening in this specific order, we multiply the probabilities from each step:
$P(\text{1st is Jack AND 2nd is Queen AND 3rd is King}) = P(\text{1st is Jack}) \times P(\text{2nd is Queen | 1st is Jack}) \times P(\text{3rd is King | 1st is Jack, 2nd is Queen})$
$P = \frac{4}{52} \times \frac{4}{51} \times \frac{4}{50}$

Now, let's perform the multiplication:
$P = \frac{4 \times 4 \times 4}{52 \times 51 \times 50}$
$P = \frac{64}{132600}$

Finally, simplify the fraction by dividing both the numerator and the denominator by their greatest common divisor. Both are divisible by 8:
$64 \div 8 = 8$
$132600 \div 8 = 16575$

So, the simplified probability is $\frac{8}{16575}$.",\frac{8,31,,
6_gemini_cot,2026-07-07 19:43:11,6,Level 4,Hard,gemini,cot,"There are $2^{10} = 1024$ possible outcomes of the 10 coin flips. There are $\binom{10}{8}=\binom{10}{2}=45$ ways to get exactly 8 heads, so the probability is $\dfrac{45}{2^{10}}=\boxed{\dfrac{45}{1024}}$.",\dfrac{45}{1024},"This problem can be solved using the binomial probability formula, as we are looking for the probability of a specific number of successes (heads) in a fixed number of independent trials (coin flips), where each trial has two possible outcomes.

Here's a step-by-step breakdown:

1.  **Identify the parameters:**
    *   `n`: The total number of flips (trials) = 10
    *   `k`: The number of successful outcomes desired (heads) = 8
    *   `p`: The probability of success on a single trial (getting heads on a fair coin) = 0.5
    *   `q`: The probability of failure on a single trial (getting tails on a fair coin) = 1 - p = 0.5

2.  **Recall the binomial probability formula:**
    The probability of getting exactly `k` successes in `n` trials is given by:
    P(X = k) = C(n, k) * p^k * q^(n-k)
    Where C(n, k) is the binomial coefficient, calculated as n! / (k! * (n-k)!).

3.  **Calculate the number of ways to get exactly 8 heads in 10 flips (C(n, k)):**
    C(10, 8) = 10! / (8! * (10-8)!)
    = 10! / (8! * 2!)
    = (10 * 9 * 8!) / (8! * 2 * 1)
    = (10 * 9) / 2
    = 90 / 2
    = 45
    There are 45 different ways to get exactly 8 heads in 10 flips.

4.  **Calculate the probability of 8 heads (p^k):**
    p^k = (0.5)^8
    = (1/2)^8
    = 1 / 256

5.  **Calculate the probability of (10-8) = 2 tails (q^(n-k)):**
    q^(n-k) = (0.5)^2
    = (1/2)^2
    = 1 / 4

6.  **Multiply these values together to get the final probability:**
    P(X = 8) = C(10, 8) * (0.5)^8 * (0.5)^2
    = 45 * (1/256) * (1/4)
    = 45 * (1 / (256 * 4))
    = 45 * (1 / 1024)
    = 45 / 1024

The final answer is $\boxed{\frac{45}{1024}}$.","This problem can be solved using the binomial probability formula, as we are looking for the probability of a specific number of successes (heads) in a fixed number of independent trials (coin flips), where each trial has two possible outcomes.

Here's a step-by-step breakdown:

1.  **Identify the parameters:**
    *   `n`: The total number of flips (trials) = 10
    *   `k`: The number of successful outcomes desired (heads) = 8
    *   `p`: The probability of success on a single trial (getting heads on a fair coin) = 0.5
    *   `q`: The probability of failure on a single trial (getting tails on a fair coin) = 1 - p = 0.5

2.  **Recall the binomial probability formula:**
    The probability of getting exactly `k` successes in `n` trials is given by:
    P(X = k) = C(n, k) * p^k * q^(n-k)
    Where C(n, k) is the binomial coefficient, calculated as n! / (k! * (n-k)!).

3.  **Calculate the number of ways to get exactly 8 heads in 10 flips (C(n, k)):**
    C(10, 8) = 10! / (8! * (10-8)!)
    = 10! / (8! * 2!)
    = (10 * 9 * 8!) / (8! * 2 * 1)
    = (10 * 9) / 2
    = 90 / 2
    = 45
    There are 45 different ways to get exactly 8 heads in 10 flips.

4.  **Calculate the probability of 8 heads (p^k):**
    p^k = (0.5)^8
    = (1/2)^8
    = 1 / 256

5.  **Calculate the probability of (10-8) = 2 tails (q^(n-k)):**
    q^(n-k) = (0.5)^2
    = (1/2)^2
    = 1 / 4

6.  **Multiply these values together to get the final probability:**
    P(X = 8) = C(10, 8) * (0.5)^8 * (0.5)^2
    = 45 * (1/256) * (1/4)
    = 45 * (1 / (256 * 4))
    = 45 * (1 / 1024)
    = 45 / 1024",\frac{45,33,,
7_gemini_cot,2026-07-07 19:43:19,7,Level 4,Hard,gemini,cot,"There are 5 ways in which the first roll is not 1, and 5 ways in which the second roll is not 1, so there are $5 \times 5 = 25$ ways in which neither die shows 1.  Therefore there are $36-25=11$ ways in which one or both dice show 1.  So the probability of this is $\boxed{\dfrac{11}{36}}$.",\dfrac{11}{36},"To solve this problem, we can use a couple of methods: listing outcomes directly or using the complement rule. The complement rule is often simpler for ""at least one"" probability questions.

**Method 1: Using the Complement Rule**

Let A be the event that at least one of the dice shows a 1.
The complement of event A, denoted A', is the event that *neither* die shows a 1.

1.  **Calculate the total number of possible outcomes:**
    When two fair 6-sided dice are rolled, each die has 6 possible outcomes. So, the total number of possible outcomes is 6 * 6 = 36.

2.  **Calculate the number of outcomes for A' (neither die shows a 1):**
    If neither die shows a 1, then each die must show a number from {2, 3, 4, 5, 6}. There are 5 such outcomes for each die.
    So, the number of outcomes where neither die shows a 1 is 5 * 5 = 25.

3.  **Calculate the probability of A':**
    P(A') = (Number of outcomes where neither die shows a 1) / (Total number of outcomes)
    P(A') = 25 / 36

4.  **Calculate the probability of A (at least one die shows a 1):**
    The probability of an event is 1 minus the probability of its complement.
    P(A) = 1 - P(A')
    P(A) = 1 - (25 / 36)
    P(A) = (36 - 25) / 36
    P(A) = 11 / 36

**Method 2: Listing Favorable Outcomes Directly**

1.  **Total possible outcomes:** 36 (as calculated above).

2.  **List outcomes where at least one die shows a 1:**
    *   Outcomes where the first die is a 1: (1,1), (1,2), (1,3), (1,4), (1,5), (1,6) - (6 outcomes)
    *   Outcomes where the second die is a 1 (and the first die is not 1, to avoid double-counting (1,1)): (2,1), (3,1), (4,1), (5,1), (6,1) - (5 outcomes)
    *   The outcome (1,1) is already included in the first list.

    Adding these up: 6 + 5 = 11 favorable outcomes.

    Alternatively, using the Principle of Inclusion-Exclusion:
    Let E1 be the event that the first die shows a 1. P(E1) = 6/36.
    Let E2 be the event that the second die shows a 1. P(E2) = 6/36.
    The event ""at least one 1"" is E1 U E2.
    P(E1 U E2) = P(E1) + P(E2) - P(E1 ∩ E2)
    P(E1 ∩ E2) is the event that both dice show a 1, which is (1,1). P(E1 ∩ E2) = 1/36.
    P(E1 U E2) = 6/36 + 6/36 - 1/36
    P(E1 U E2) = 12/36 - 1/36
    P(E1 U E2) = 11/36

3.  **Calculate the probability:**
    P(at least one 1) = (Number of favorable outcomes) / (Total number of outcomes)
    P(at least one 1) = 11 / 36

Both methods yield the same result.

The final answer is $\boxed{\frac{11}{36}}$.","To solve this problem, we can use a couple of methods: listing outcomes directly or using the complement rule. The complement rule is often simpler for ""at least one"" probability questions.

**Method 1: Using the Complement Rule**

Let A be the event that at least one of the dice shows a 1.
The complement of event A, denoted A', is the event that *neither* die shows a 1.

1.  **Calculate the total number of possible outcomes:**
    When two fair 6-sided dice are rolled, each die has 6 possible outcomes. So, the total number of possible outcomes is 6 * 6 = 36.

2.  **Calculate the number of outcomes for A' (neither die shows a 1):**
    If neither die shows a 1, then each die must show a number from {2, 3, 4, 5, 6}. There are 5 such outcomes for each die.
    So, the number of outcomes where neither die shows a 1 is 5 * 5 = 25.

3.  **Calculate the probability of A':**
    P(A') = (Number of outcomes where neither die shows a 1) / (Total number of outcomes)
    P(A') = 25 / 36

4.  **Calculate the probability of A (at least one die shows a 1):**
    The probability of an event is 1 minus the probability of its complement.
    P(A) = 1 - P(A')
    P(A) = 1 - (25 / 36)
    P(A) = (36 - 25) / 36
    P(A) = 11 / 36

**Method 2: Listing Favorable Outcomes Directly**

1.  **Total possible outcomes:** 36 (as calculated above).

2.  **List outcomes where at least one die shows a 1:**
    *   Outcomes where the first die is a 1: (1,1), (1,2), (1,3), (1,4), (1,5), (1,6) - (6 outcomes)
    *   Outcomes where the second die is a 1 (and the first die is not 1, to avoid double-counting (1,1)): (2,1), (3,1), (4,1), (5,1), (6,1) - (5 outcomes)
    *   The outcome (1,1) is already included in the first list.

    Adding these up: 6 + 5 = 11 favorable outcomes.

    Alternatively, using the Principle of Inclusion-Exclusion:
    Let E1 be the event that the first die shows a 1. P(E1) = 6/36.
    Let E2 be the event that the second die shows a 1. P(E2) = 6/36.
    The event ""at least one 1"" is E1 U E2.
    P(E1 U E2) = P(E1) + P(E2) - P(E1 ∩ E2)
    P(E1 ∩ E2) is the event that both dice show a 1, which is (1,1). P(E1 ∩ E2) = 1/36.
    P(E1 U E2) = 6/36 + 6/36 - 1/36
    P(E1 U E2) = 12/36 - 1/36
    P(E1 U E2) = 11/36

3.  **Calculate the probability:**
    P(at least one 1) = (Number of favorable outcomes) / (Total number of outcomes)
    P(at least one 1) = 11 / 36

Both methods yield the same result.",\frac{11,38,,
8_gemini_cot,2026-07-07 19:43:30,8,Level 5,Hard,gemini,cot,"Since 9 out of the 12 possible results are one digit numbers, each die will show a one digit number with probability of $\frac{3}{4}$ and a two digit number with probability of $\frac{1}{4}$. The probability that two particular dice will show 2 two digit numbers and 2 one digit numbers is thus $\left(\frac{1}{4}\right)^2\left(\frac{3}{4}\right)^2$. There are $\binom{4}{2}=6$ ways to select which two dice will show one digit numbers, so we multiply to get the probability that we want: $6\cdot\left(\frac{1}{4}\right)^2\left(\frac{3}{4}\right)^2=\dfrac{54}{256}=\boxed{\dfrac{27}{128}}$.",\dfrac{27}{128},"To solve this problem, we need to determine the probability of rolling a one-digit number versus a two-digit number on a single die, and then apply this to the scenario of rolling 4 dice.

**Step 1: Classify outcomes for a single 12-sided die.**
The 12-sided die has numbers from 1 to 12.
*   **One-digit numbers:** {1, 2, 3, 4, 5, 6, 7, 8, 9}. There are 9 one-digit numbers.
*   **Two-digit numbers:** {10, 11, 12}. There are 3 two-digit numbers.
The total number of possible outcomes for one die is 12.

**Step 2: Calculate the probability for each type of outcome on a single die.**
*   Probability of rolling a one-digit number (P(1D)):
    P(1D) = (Number of one-digit numbers) / (Total number of outcomes) = 9/12 = 3/4.
*   Probability of rolling a two-digit number (P(2D)):
    P(2D) = (Number of two-digit numbers) / (Total number of outcomes) = 3/12 = 1/4.
(Check: P(1D) + P(2D) = 3/4 + 1/4 = 1, which is correct.)

**Step 3: Understand the condition for the 4 dice.**
We are rolling 4 dice. Let `n_1D` be the number of dice showing a one-digit number and `n_2D` be the number of dice showing a two-digit number.
The total number of dice is 4, so `n_1D + n_2D = 4`.
The condition is that the number of dice showing a two-digit number is equal to the number of dice showing a one-digit number, i.e., `n_1D = n_2D`.

Substitute `n_2D` with `n_1D` in the total count equation:
`n_1D + n_1D = 4`
`2 * n_1D = 4`
`n_1D = 2`

If `n_1D = 2`, then `n_2D = 2` as well.
So, we need to find the probability that exactly 2 dice show a one-digit number AND exactly 2 dice show a two-digit number.

**Step 4: Apply the binomial probability formula.**
This is a binomial probability problem. We have `n=4` trials (dice rolls), and each trial has two outcomes (one-digit or two-digit).
Let's consider ""rolling a one-digit number"" as a ""success"".
*   Number of trials (n) = 4
*   Probability of success (p) = P(1D) = 3/4
*   Probability of failure (q) = P(2D) = 1/4
*   Number of successes (k) = 2 (we want 2 one-digit numbers)

The binomial probability formula is: P(X=k) = C(n, k) * p^k * q^(n-k)

P(`n_1D`=2) = C(4, 2) * (3/4)^2 * (1/4)^(4-2)
P(`n_1D`=2) = C(4, 2) * (3/4)^2 * (1/4)^2

**Step 5: Calculate the components.**
*   **Combinations C(4, 2):**
    C(4, 2) = 4! / (2! * (4-2)!) = 4! / (2! * 2!) = (4 * 3 * 2 * 1) / ((2 * 1) * (2 * 1)) = 24 / 4 = 6.
*   **Probability of successes (3/4)^2:**
    (3/4)^2 = 3^2 / 4^2 = 9/16.
*   **Probability of failures (1/4)^2:**
    (1/4)^2 = 1^2 / 4^2 = 1/16.

**Step 6: Combine the components to find the final probability.**
P(`n_1D`=2) = 6 * (9/16) * (1/16)
P(`n_1D`=2) = (6 * 9 * 1) / (16 * 16)
P(`n_1D`=2) = 54 / 256

**Step 7: Simplify the fraction.**
Both the numerator (54) and the denominator (256) are even numbers, so they can be divided by 2.
54 / 2 = 27
256 / 2 = 128
The simplified fraction is 27/128.
27 = 3^3
128 = 2^7
There are no common factors between 27 and 128, so the fraction is fully simplified.

The final answer is $\boxed{\frac{27}{128}}$.","To solve this problem, we need to determine the probability of rolling a one-digit number versus a two-digit number on a single die, and then apply this to the scenario of rolling 4 dice.

**Step 1: Classify outcomes for a single 12-sided die.**
The 12-sided die has numbers from 1 to 12.
*   **One-digit numbers:** {1, 2, 3, 4, 5, 6, 7, 8, 9}. There are 9 one-digit numbers.
*   **Two-digit numbers:** {10, 11, 12}. There are 3 two-digit numbers.
The total number of possible outcomes for one die is 12.

**Step 2: Calculate the probability for each type of outcome on a single die.**
*   Probability of rolling a one-digit number (P(1D)):
    P(1D) = (Number of one-digit numbers) / (Total number of outcomes) = 9/12 = 3/4.
*   Probability of rolling a two-digit number (P(2D)):
    P(2D) = (Number of two-digit numbers) / (Total number of outcomes) = 3/12 = 1/4.
(Check: P(1D) + P(2D) = 3/4 + 1/4 = 1, which is correct.)

**Step 3: Understand the condition for the 4 dice.**
We are rolling 4 dice. Let `n_1D` be the number of dice showing a one-digit number and `n_2D` be the number of dice showing a two-digit number.
The total number of dice is 4, so `n_1D + n_2D = 4`.
The condition is that the number of dice showing a two-digit number is equal to the number of dice showing a one-digit number, i.e., `n_1D = n_2D`.

Substitute `n_2D` with `n_1D` in the total count equation:
`n_1D + n_1D = 4`
`2 * n_1D = 4`
`n_1D = 2`

If `n_1D = 2`, then `n_2D = 2` as well.
So, we need to find the probability that exactly 2 dice show a one-digit number AND exactly 2 dice show a two-digit number.

**Step 4: Apply the binomial probability formula.**
This is a binomial probability problem. We have `n=4` trials (dice rolls), and each trial has two outcomes (one-digit or two-digit).
Let's consider ""rolling a one-digit number"" as a ""success"".
*   Number of trials (n) = 4
*   Probability of success (p) = P(1D) = 3/4
*   Probability of failure (q) = P(2D) = 1/4
*   Number of successes (k) = 2 (we want 2 one-digit numbers)

The binomial probability formula is: P(X=k) = C(n, k) * p^k * q^(n-k)

P(`n_1D`=2) = C(4, 2) * (3/4)^2 * (1/4)^(4-2)
P(`n_1D`=2) = C(4, 2) * (3/4)^2 * (1/4)^2

**Step 5: Calculate the components.**
*   **Combinations C(4, 2):**
    C(4, 2) = 4! / (2! * (4-2)!) = 4! / (2! * 2!) = (4 * 3 * 2 * 1) / ((2 * 1) * (2 * 1)) = 24 / 4 = 6.
*   **Probability of successes (3/4)^2:**
    (3/4)^2 = 3^2 / 4^2 = 9/16.
*   **Probability of failures (1/4)^2:**
    (1/4)^2 = 1^2 / 4^2 = 1/16.

**Step 6: Combine the components to find the final probability.**
P(`n_1D`=2) = 6 * (9/16) * (1/16)
P(`n_1D`=2) = (6 * 9 * 1) / (16 * 16)
P(`n_1D`=2) = 54 / 256

**Step 7: Simplify the fraction.**
Both the numerator (54) and the denominator (256) are even numbers, so they can be divided by 2.
54 / 2 = 27
256 / 2 = 128
The simplified fraction is 27/128.
27 = 3^3
128 = 2^7
There are no common factors between 27 and 128, so the fraction is fully simplified.",\frac{27,51,,
9_gemini_cot,2026-07-07 19:43:40,9,Level 2,Easy,gemini,cot,"We will subtract the probability that the product is odd from 1 to get the probability that the product is even. In order for the product to be odd, we must have both numbers be odd. There are $2\cdot2=4$ possibilities for this (a 3 or 5 is spun on the left spinner and a 5 or 7 on the right) out of a total of $3\cdot4=12$ possibilities, so the probability that the product is odd is $4/12=1/3$. The probability that the product is even is $1-1/3=\boxed{\frac{2}{3}}$.",\frac{2}{3},"To solve this problem, we need to determine the possible outcomes for each spinner, classify them as even or odd, and then calculate the probability that the product of the results of the two spins will be an even number.

**Step 1: Analyze Spinner 1**
Spinner 1 is divided into thirds with the numbers 3, 4, and 5.
*   Total possible outcomes for Spinner 1 (S1): {3, 4, 5}
*   Number of outcomes: 3
*   Odd numbers on S1: {3, 5} (2 outcomes)
*   Even numbers on S1: {4} (1 outcome)

The probability of spinning an odd number on S1 is P(S1 is odd) = 2/3.
The probability of spinning an even number on S1 is P(S1 is even) = 1/3.

**Step 2: Analyze Spinner 2**
Spinner 2 is divided into quarters with the numbers 5, 6, 7, and 8.
*   Total possible outcomes for Spinner 2 (S2): {5, 6, 7, 8}
*   Number of outcomes: 4
*   Odd numbers on S2: {5, 7} (2 outcomes)
*   Even numbers on S2: {6, 8} (2 outcomes)

The probability of spinning an odd number on S2 is P(S2 is odd) = 2/4 = 1/2.
The probability of spinning an even number on S2 is P(S2 is even) = 2/4 = 1/2.

**Step 3: Determine the condition for an even product**
The product of two integers is an even number if at least one of the integers is even.
The product of two integers is an odd number if and only if both integers are odd.

It is often easier to calculate the probability of the complementary event (product is odd) and subtract it from 1.
P(Product is even) = 1 - P(Product is odd)

**Step 4: Calculate the probability that the product is odd**
For the product of the two spins to be odd, both spinner results must be odd numbers. Since the spins are independent, we can multiply their individual probabilities:
P(Product is odd) = P(S1 is odd) * P(S2 is odd)
P(Product is odd) = (2/3) * (1/2)
P(Product is odd) = 2/6
P(Product is odd) = 1/3

**Step 5: Calculate the probability that the product is even**
Using the complementary probability:
P(Product is even) = 1 - P(Product is odd)
P(Product is even) = 1 - 1/3
P(Product is even) = 3/3 - 1/3
P(Product is even) = 2/3

**Alternative Method: Listing all possible outcomes**
There are 3 outcomes for Spinner 1 and 4 outcomes for Spinner 2, so there are 3 * 4 = 12 total possible combinations of results.

Let's list them and their products:
(S1, S2) -> Product -> Parity
(3, 5) -> 15 -> Odd
(3, 6) -> 18 -> Even
(3, 7) -> 21 -> Odd
(3, 8) -> 24 -> Even

(4, 5) -> 20 -> Even
(4, 6) -> 24 -> Even
(4, 7) -> 28 -> Even
(4, 8) -> 32 -> Even

(5, 5) -> 25 -> Odd
(5, 6) -> 30 -> Even
(5, 7) -> 35 -> Odd
(5, 8) -> 40 -> Even

Counting the even products: There are 8 even products (18, 24, 20, 24, 28, 32, 30, 40).
Counting the odd products: There are 4 odd products (15, 21, 25, 35).

The total number of outcomes is 12.
The number of outcomes where the product is even is 8.
The probability that the product is even = (Number of even products) / (Total number of products) = 8/12 = 2/3.

Both methods yield the same result.

The final answer is $\boxed{\frac{2}{3}}$.","To solve this problem, we need to determine the possible outcomes for each spinner, classify them as even or odd, and then calculate the probability that the product of the results of the two spins will be an even number.

**Step 1: Analyze Spinner 1**
Spinner 1 is divided into thirds with the numbers 3, 4, and 5.
*   Total possible outcomes for Spinner 1 (S1): {3, 4, 5}
*   Number of outcomes: 3
*   Odd numbers on S1: {3, 5} (2 outcomes)
*   Even numbers on S1: {4} (1 outcome)

The probability of spinning an odd number on S1 is P(S1 is odd) = 2/3.
The probability of spinning an even number on S1 is P(S1 is even) = 1/3.

**Step 2: Analyze Spinner 2**
Spinner 2 is divided into quarters with the numbers 5, 6, 7, and 8.
*   Total possible outcomes for Spinner 2 (S2): {5, 6, 7, 8}
*   Number of outcomes: 4
*   Odd numbers on S2: {5, 7} (2 outcomes)
*   Even numbers on S2: {6, 8} (2 outcomes)

The probability of spinning an odd number on S2 is P(S2 is odd) = 2/4 = 1/2.
The probability of spinning an even number on S2 is P(S2 is even) = 2/4 = 1/2.

**Step 3: Determine the condition for an even product**
The product of two integers is an even number if at least one of the integers is even.
The product of two integers is an odd number if and only if both integers are odd.

It is often easier to calculate the probability of the complementary event (product is odd) and subtract it from 1.
P(Product is even) = 1 - P(Product is odd)

**Step 4: Calculate the probability that the product is odd**
For the product of the two spins to be odd, both spinner results must be odd numbers. Since the spins are independent, we can multiply their individual probabilities:
P(Product is odd) = P(S1 is odd) * P(S2 is odd)
P(Product is odd) = (2/3) * (1/2)
P(Product is odd) = 2/6
P(Product is odd) = 1/3

**Step 5: Calculate the probability that the product is even**
Using the complementary probability:
P(Product is even) = 1 - P(Product is odd)
P(Product is even) = 1 - 1/3
P(Product is even) = 3/3 - 1/3
P(Product is even) = 2/3

**Alternative Method: Listing all possible outcomes**
There are 3 outcomes for Spinner 1 and 4 outcomes for Spinner 2, so there are 3 * 4 = 12 total possible combinations of results.

Let's list them and their products:
(S1, S2) -> Product -> Parity
(3, 5) -> 15 -> Odd
(3, 6) -> 18 -> Even
(3, 7) -> 21 -> Odd
(3, 8) -> 24 -> Even

(4, 5) -> 20 -> Even
(4, 6) -> 24 -> Even
(4, 7) -> 28 -> Even
(4, 8) -> 32 -> Even

(5, 5) -> 25 -> Odd
(5, 6) -> 30 -> Even
(5, 7) -> 35 -> Odd
(5, 8) -> 40 -> Even

Counting the even products: There are 8 even products (18, 24, 20, 24, 28, 32, 30, 40).
Counting the odd products: There are 4 odd products (15, 21, 25, 35).

The total number of outcomes is 12.
The number of outcomes where the product is even is 8.
The probability that the product is even = (Number of even products) / (Total number of products) = 8/12 = 2/3.

Both methods yield the same result.",\frac{2,56,,
10_gemini_cot,2026-07-07 19:44:46,10,Level 5,Hard,gemini,cot,"We will calculate the probability of her hearing every second of her favorite song and then subtract that from 1 to get the probability that we're looking for. There are a total of $10!$ ways in which the 10 songs can be ordered. If her favorite song is the first song, she obviously hears the whole thing, and then there are $9!$ ways to order the other songs. If the first song is the 30 second song, then she will hear the entirety of her favorite song if and only if it is played as the second song, after which there are $8!$ ways to order the other songs. Finally, if the first song is the 1 minute song, she will hear her favorite song if and only if it is played as the second song, after which there are $8!$ ways to order the other songs. If the first song is longer than a minute, or if two songs are played before her first song, she won't have time to hear all of her favorite song in the first 4 minutes, 30 seconds. So out of the $10!$ ways of ordering the 10 songs, there are $9! + 8! + 8!$ ways that result in her hearing the full song for a probability of $\dfrac{9!+8!+8!}{10!}=\dfrac{8!}{8!}\cdot\dfrac{9+1+1}{10\cdot9}=\dfrac{11}{90}$. But that is the probability that what we want $\emph{doesn't}$ happen, so we need to subtract it from 1 to get our final probability of $1-\dfrac{11}{90}=\boxed{\dfrac{79}{90}}$",\dfrac{79}{90},"To solve this problem, we need to determine the probability that Celeste's favorite song (S7) is not fully completed within the first 4 minutes and 30 seconds of music.

**Step 1: Determine the lengths of all songs.**
There are 10 songs. The shortest song is 30 seconds, and each subsequent song is 30 seconds longer than the previous one.
Let L_i denote the length of song i.
*   L1 = 30 seconds
*   L2 = 30 + 30 = 60 seconds (1 minute)
*   L3 = 60 + 30 = 90 seconds (1 minute, 30 seconds)
*   L4 = 90 + 30 = 120 seconds (2 minutes)
*   L5 = 120 + 30 = 150 seconds (2 minutes, 30 seconds)
*   L6 = 150 + 30 = 180 seconds (3 minutes)
*   L7 = 180 + 30 = 210 seconds (3 minutes, 30 seconds)
*   L8 = 210 + 30 = 240 seconds (4 minutes)
*   L9 = 240 + 30 = 270 seconds (4 minutes, 30 seconds)
*   L10 = 270 + 30 = 300 seconds (5 minutes)

**Step 2: Identify the favorite song and the total music time.**
Her favorite song is 3 minutes, 30 seconds long, which is L7 = 210 seconds.
The total music time of interest is 4 minutes, 30 seconds, which is T = 270 seconds.

**Step 3: Define the event of interest and its complement.**
We want the probability that she hears the first 270 seconds of music ""without hearing every second of her favorite song"".
This means that after 270 seconds of music have elapsed, her favorite song (L7) has not been fully completed. This can happen in two ways:
1.  L7 has not started playing yet.
2.  L7 has started playing but has been cut off before its full 210 seconds have played.

It's often easier to calculate the probability of the *complement* event and subtract it from 1.
The complement event is: ""Her favorite song (L7) is fully completed within the first 270 seconds of music.""

For L7 to be fully completed, it must start at some time `t_start` such that `t_start + L7 <= 270`.
Substituting L7 = 210 seconds: `t_start + 210 <= 270`.
This implies `t_start <= 60` seconds.
So, the complement event occurs if the sum of the lengths of all songs played *before* L7 (let's call this sum `S_pre_L7`) is less than or equal to 60 seconds.

**Step 4: Identify all possible scenarios for the complement event.**
The songs are played in a random order (a permutation of the 10 songs). The total number of possible permutations is 10!.
We need to find the number of permutations where `S_pre_L7 <= 60`.

Let's consider the possible values for `S_pre_L7`:
*   **Case 1: `S_pre_L7 = 0`**
    This means L7 is the very first song played.
    In this scenario, L7 starts at 0 seconds and finishes at 210 seconds. Since 210 <= 270, L7 is fully completed.
    Number of permutations: L7 is fixed as the 1st song. The remaining 9 songs can be arranged in 9! ways.
    Count = 1 * 9! = 362,880.

*   **Case 2: `S_pre_L7 = 30`**
    This means L7 is the second song, and the first song played must be L1 (30 seconds).
    In this scenario, L1 plays (30s), then L7 plays (210s). The total time elapsed is 30 + 210 = 240 seconds. Since 240 <= 270, L7 is fully completed.
    Number of permutations: L1 is fixed as the 1st song, L7 is fixed as the 2nd song. The remaining 8 songs can be arranged in 8! ways.
    Count = 1 * 1 * 8! = 40,320.

*   **Case 3: `S_pre_L7 = 60`**
    This means L7 is the second song, and the first song played must be L2 (60 seconds).
    In this scenario, L2 plays (60s), then L7 plays (210s). The total time elapsed is 60 + 210 = 270 seconds. Since 270 <= 270, L7 is fully completed (exactly at the 270-second mark).
    Number of permutations: L2 is fixed as the 1st song, L7 is fixed as the 2nd song. The remaining 8 songs can be arranged in 8! ways.
    Count = 1 * 1 * 8! = 40,320.

*   **Are there any other possibilities for `S_pre_L7 <= 60`?**
    If L7 is preceded by two or more songs, the minimum possible sum of two distinct song lengths (excluding L7 itself) is L1 + L2 = 30 + 60 = 90 seconds. This is already greater than 60 seconds.
    Therefore, the three cases listed above are the *only* ways for `S_pre_L7 <= 60`.

**Step 5: Calculate the probability of the complement event.**
The total number of permutations for the complement event is the sum of the counts from the three cases:
Number of favorable permutations for complement = 9! + 8! + 8!
= 9 * 8! + 1 * 8! + 1 * 8!
= (9 + 1 + 1) * 8!
= 11 * 8!

The total number of possible permutations of 10 songs is 10!.

Probability of complement = (11 * 8!) / 10!
= (11 * 8!) / (10 * 9 * 8!)
= 11 / (10 * 9)
= 11 / 90.

**Step 6: Calculate the probability of the desired event.**
The probability that she hears the first 4 minutes, 30 seconds of music without hearing every second of her favorite song is:
P(desired event) = 1 - P(complement)
= 1 - (11 / 90)
= (90 - 11) / 90
= 79 / 90.

The final answer is $\boxed{\frac{79}{90}}$.","To solve this problem, we need to determine the probability that Celeste's favorite song (S7) is not fully completed within the first 4 minutes and 30 seconds of music.

**Step 1: Determine the lengths of all songs.**
There are 10 songs. The shortest song is 30 seconds, and each subsequent song is 30 seconds longer than the previous one.
Let L_i denote the length of song i.
*   L1 = 30 seconds
*   L2 = 30 + 30 = 60 seconds (1 minute)
*   L3 = 60 + 30 = 90 seconds (1 minute, 30 seconds)
*   L4 = 90 + 30 = 120 seconds (2 minutes)
*   L5 = 120 + 30 = 150 seconds (2 minutes, 30 seconds)
*   L6 = 150 + 30 = 180 seconds (3 minutes)
*   L7 = 180 + 30 = 210 seconds (3 minutes, 30 seconds)
*   L8 = 210 + 30 = 240 seconds (4 minutes)
*   L9 = 240 + 30 = 270 seconds (4 minutes, 30 seconds)
*   L10 = 270 + 30 = 300 seconds (5 minutes)

**Step 2: Identify the favorite song and the total music time.**
Her favorite song is 3 minutes, 30 seconds long, which is L7 = 210 seconds.
The total music time of interest is 4 minutes, 30 seconds, which is T = 270 seconds.

**Step 3: Define the event of interest and its complement.**
We want the probability that she hears the first 270 seconds of music ""without hearing every second of her favorite song"".
This means that after 270 seconds of music have elapsed, her favorite song (L7) has not been fully completed. This can happen in two ways:
1.  L7 has not started playing yet.
2.  L7 has started playing but has been cut off before its full 210 seconds have played.

It's often easier to calculate the probability of the *complement* event and subtract it from 1.
The complement event is: ""Her favorite song (L7) is fully completed within the first 270 seconds of music.""

For L7 to be fully completed, it must start at some time `t_start` such that `t_start + L7 <= 270`.
Substituting L7 = 210 seconds: `t_start + 210 <= 270`.
This implies `t_start <= 60` seconds.
So, the complement event occurs if the sum of the lengths of all songs played *before* L7 (let's call this sum `S_pre_L7`) is less than or equal to 60 seconds.

**Step 4: Identify all possible scenarios for the complement event.**
The songs are played in a random order (a permutation of the 10 songs). The total number of possible permutations is 10!.
We need to find the number of permutations where `S_pre_L7 <= 60`.

Let's consider the possible values for `S_pre_L7`:
*   **Case 1: `S_pre_L7 = 0`**
    This means L7 is the very first song played.
    In this scenario, L7 starts at 0 seconds and finishes at 210 seconds. Since 210 <= 270, L7 is fully completed.
    Number of permutations: L7 is fixed as the 1st song. The remaining 9 songs can be arranged in 9! ways.
    Count = 1 * 9! = 362,880.

*   **Case 2: `S_pre_L7 = 30`**
    This means L7 is the second song, and the first song played must be L1 (30 seconds).
    In this scenario, L1 plays (30s), then L7 plays (210s). The total time elapsed is 30 + 210 = 240 seconds. Since 240 <= 270, L7 is fully completed.
    Number of permutations: L1 is fixed as the 1st song, L7 is fixed as the 2nd song. The remaining 8 songs can be arranged in 8! ways.
    Count = 1 * 1 * 8! = 40,320.

*   **Case 3: `S_pre_L7 = 60`**
    This means L7 is the second song, and the first song played must be L2 (60 seconds).
    In this scenario, L2 plays (60s), then L7 plays (210s). The total time elapsed is 60 + 210 = 270 seconds. Since 270 <= 270, L7 is fully completed (exactly at the 270-second mark).
    Number of permutations: L2 is fixed as the 1st song, L7 is fixed as the 2nd song. The remaining 8 songs can be arranged in 8! ways.
    Count = 1 * 1 * 8! = 40,320.

*   **Are there any other possibilities for `S_pre_L7 <= 60`?**
    If L7 is preceded by two or more songs, the minimum possible sum of two distinct song lengths (excluding L7 itself) is L1 + L2 = 30 + 60 = 90 seconds. This is already greater than 60 seconds.
    Therefore, the three cases listed above are the *only* ways for `S_pre_L7 <= 60`.

**Step 5: Calculate the probability of the complement event.**
The total number of permutations for the complement event is the sum of the counts from the three cases:
Number of favorable permutations for complement = 9! + 8! + 8!
= 9 * 8! + 1 * 8! + 1 * 8!
= (9 + 1 + 1) * 8!
= 11 * 8!

The total number of possible permutations of 10 songs is 10!.

Probability of complement = (11 * 8!) / 10!
= (11 * 8!) / (10 * 9 * 8!)
= 11 / (10 * 9)
= 11 / 90.

**Step 6: Calculate the probability of the desired event.**
The probability that she hears the first 4 minutes, 30 seconds of music without hearing every second of her favorite song is:
P(desired event) = 1 - P(complement)
= 1 - (11 / 90)
= (90 - 11) / 90
= 79 / 90.",\frac{79,67,,
1_gemini_tot,2026-07-07 19:44:56,1,Level 4,Hard,gemini,tot,"We can find the probability that no women are selected and subtract it from 1 to find the probability that at least one woman is selected. To find the probability that only men are selected, we consider that the chance that the first person selected is male is $\frac{7}{10}$. Then the probability that the second person selected is male is reduced to $\frac{6}{9}=\frac{2}{3}$. For the third person, the probability is $\frac{5}{8}$. So the probability that only men are selected is $$\frac{7}{10}\cdot\frac{2}{3}\cdot\frac{5}{8}=\frac{7}{24}.$$ Notice that the 2 and 5 in the numerator cancel with the 10 in the denominator to leave $\frac{7}{24}$. Now we subtract from 1 to find the probability that at least one woman is selected. The probability is $1-\frac{7}{24}=\boxed{\frac{17}{24}}$.",\frac{17}{24},"The problem asks for the probability that at least one woman is selected when three people are chosen at random from a group of seven men and three women.

Let's break down the problem:

1.  **Total number of people:** There are 7 men + 3 women = 10 people.
2.  **Number of people to be selected:** We are selecting 3 people.
3.  **Event of interest:** At least one woman is selected.

**Step 1: Calculate the total number of ways to select 3 people from 10.**
This is a combination problem, as the order of selection does not matter.
The total number of ways to choose 3 people from 10 is given by C(10, 3):
C(10, 3) = 10! / (3! * (10-3)!)
= 10! / (3! * 7!)
= (10 * 9 * 8 * 7!) / (3 * 2 * 1 * 7!)
= (10 * 9 * 8) / (3 * 2 * 1)
= (10 * 3 * 4)
= 120

So, there are 120 total possible ways to select 3 people.

**Step 2: Calculate the number of ways that the event ""at least one woman"" can occur.**
The event ""at least one woman"" means we can have:
*   1 woman and 2 men
*   2 women and 1 man
*   3 women and 0 men

Calculating each of these cases and summing them up can be done, but it's often simpler to use the complement rule for ""at least one"" problems.

**Using the Complement Rule:**
The probability of ""at least one woman"" is equal to 1 minus the probability of ""no women"".
P(at least one woman) = 1 - P(no women)

**Step 3: Calculate the number of ways to select ""no women"".**
""No women"" means all three selected people must be men.
There are 7 men in the group. We need to choose 3 men from these 7.
This is given by C(7, 3):
C(7, 3) = 7! / (3! * (7-3)!)
= 7! / (3! * 4!)
= (7 * 6 * 5 * 4!) / (3 * 2 * 1 * 4!)
= (7 * 6 * 5) / (3 * 2 * 1)
= (7 * 5)
= 35

So, there are 35 ways to select 3 men (i.e., no women).

**Step 4: Calculate the probability of selecting ""no women"".**
P(no women) = (Number of ways to select 3 men) / (Total number of ways to select 3 people)
P(no women) = 35 / 120

Simplify the fraction: Both 35 and 120 are divisible by 5.
35 / 5 = 7
120 / 5 = 24
So, P(no women) = 7/24.

**Step 5: Calculate the probability of selecting ""at least one woman"".**
P(at least one woman) = 1 - P(no women)
P(at least one woman) = 1 - 7/24
P(at least one woman) = 24/24 - 7/24
P(at least one woman) = 17/24

The final answer is $\boxed{\frac{17}{24}}$.","The problem asks for the probability that at least one woman is selected when three people are chosen at random from a group of seven men and three women.

Let's break down the problem:

1.  **Total number of people:** There are 7 men + 3 women = 10 people.
2.  **Number of people to be selected:** We are selecting 3 people.
3.  **Event of interest:** At least one woman is selected.

**Step 1: Calculate the total number of ways to select 3 people from 10.**
This is a combination problem, as the order of selection does not matter.
The total number of ways to choose 3 people from 10 is given by C(10, 3):
C(10, 3) = 10! / (3! * (10-3)!)
= 10! / (3! * 7!)
= (10 * 9 * 8 * 7!) / (3 * 2 * 1 * 7!)
= (10 * 9 * 8) / (3 * 2 * 1)
= (10 * 3 * 4)
= 120

So, there are 120 total possible ways to select 3 people.

**Step 2: Calculate the number of ways that the event ""at least one woman"" can occur.**
The event ""at least one woman"" means we can have:
*   1 woman and 2 men
*   2 women and 1 man
*   3 women and 0 men

Calculating each of these cases and summing them up can be done, but it's often simpler to use the complement rule for ""at least one"" problems.

**Using the Complement Rule:**
The probability of ""at least one woman"" is equal to 1 minus the probability of ""no women"".
P(at least one woman) = 1 - P(no women)

**Step 3: Calculate the number of ways to select ""no women"".**
""No women"" means all three selected people must be men.
There are 7 men in the group. We need to choose 3 men from these 7.
This is given by C(7, 3):
C(7, 3) = 7! / (3! * (7-3)!)
= 7! / (3! * 4!)
= (7 * 6 * 5 * 4!) / (3 * 2 * 1 * 4!)
= (7 * 6 * 5) / (3 * 2 * 1)
= (7 * 5)
= 35

So, there are 35 ways to select 3 men (i.e., no women).

**Step 4: Calculate the probability of selecting ""no women"".**
P(no women) = (Number of ways to select 3 men) / (Total number of ways to select 3 people)
P(no women) = 35 / 120

Simplify the fraction: Both 35 and 120 are divisible by 5.
35 / 5 = 7
120 / 5 = 24
So, P(no women) = 7/24.

**Step 5: Calculate the probability of selecting ""at least one woman"".**
P(at least one woman) = 1 - P(no women)
P(at least one woman) = 1 - 7/24
P(at least one woman) = 24/24 - 7/24
P(at least one woman) = 17/24",\frac{17,47,,
2_gemini_tot,2026-07-07 19:47:03,2,Level 2,Easy,gemini,tot,"For the first die to be less than three, it must be a 1 or a 2, which occurs with probability $\frac{1}{3}$. For the second die to be greater than 3, it must be a 4 or a 5 or a 6, which occurs with probability $\frac{1}{2}$. The probability of both of these events occuring, as they are independent, is $\frac{1}{3} \cdot \frac{1}{2} = \boxed{\frac{1}{6}}$.",\frac{1}{6},"To solve this problem, we need to determine the probabilities of two independent events and then multiply them.

Let D1 be the outcome of the first die and D2 be the outcome of the second die. Each die is six-sided, so the possible outcomes for each die are {1, 2, 3, 4, 5, 6}.

**Step 1: Determine the probability of the first event.**
The first event is rolling ""a number less than three on the first die"".
The numbers less than three in the set of possible outcomes {1, 2, 3, 4, 5, 6} are {1, 2}.
There are 2 favorable outcomes.
The total number of possible outcomes for the first die is 6.
The probability of the first event, P(D1 < 3), is the ratio of favorable outcomes to total outcomes:
P(D1 < 3) = 2/6 = 1/3.

**Step 2: Determine the probability of the second event.**
The second event is rolling ""a number greater than three on the second die"".
The numbers greater than three in the set of possible outcomes {1, 2, 3, 4, 5, 6} are {4, 5, 6}.
There are 3 favorable outcomes.
The total number of possible outcomes for the second die is 6.
The probability of the second event, P(D2 > 3), is the ratio of favorable outcomes to total outcomes:
P(D2 > 3) = 3/6 = 1/2.

**Step 3: Calculate the probability of both events occurring.**
Since the outcomes of the two dice rolls are independent events, the probability that both events occur is the product of their individual probabilities:
P(D1 < 3 and D2 > 3) = P(D1 < 3) * P(D2 > 3)
P(D1 < 3 and D2 > 3) = (1/3) * (1/2)
P(D1 < 3 and D2 > 3) = 1/6

Alternatively, we can list all possible outcomes for two dice rolls (6 * 6 = 36 total outcomes).
Favorable outcomes for the first die: {1, 2} (2 options)
Favorable outcomes for the second die: {4, 5, 6} (3 options)
The number of favorable pairs (first die, second die) is 2 * 3 = 6.
These favorable pairs are: (1,4), (1,5), (1,6), (2,4), (2,5), (2,6).
The probability is the number of favorable outcomes divided by the total number of outcomes:
Probability = 6/36 = 1/6.

Both methods yield the same result.

The final answer is $\boxed{\frac{1}{6}}$.","To solve this problem, we need to determine the probabilities of two independent events and then multiply them.

Let D1 be the outcome of the first die and D2 be the outcome of the second die. Each die is six-sided, so the possible outcomes for each die are {1, 2, 3, 4, 5, 6}.

**Step 1: Determine the probability of the first event.**
The first event is rolling ""a number less than three on the first die"".
The numbers less than three in the set of possible outcomes {1, 2, 3, 4, 5, 6} are {1, 2}.
There are 2 favorable outcomes.
The total number of possible outcomes for the first die is 6.
The probability of the first event, P(D1 < 3), is the ratio of favorable outcomes to total outcomes:
P(D1 < 3) = 2/6 = 1/3.

**Step 2: Determine the probability of the second event.**
The second event is rolling ""a number greater than three on the second die"".
The numbers greater than three in the set of possible outcomes {1, 2, 3, 4, 5, 6} are {4, 5, 6}.
There are 3 favorable outcomes.
The total number of possible outcomes for the second die is 6.
The probability of the second event, P(D2 > 3), is the ratio of favorable outcomes to total outcomes:
P(D2 > 3) = 3/6 = 1/2.

**Step 3: Calculate the probability of both events occurring.**
Since the outcomes of the two dice rolls are independent events, the probability that both events occur is the product of their individual probabilities:
P(D1 < 3 and D2 > 3) = P(D1 < 3) * P(D2 > 3)
P(D1 < 3 and D2 > 3) = (1/3) * (1/2)
P(D1 < 3 and D2 > 3) = 1/6

Alternatively, we can list all possible outcomes for two dice rolls (6 * 6 = 36 total outcomes).
Favorable outcomes for the first die: {1, 2} (2 options)
Favorable outcomes for the second die: {4, 5, 6} (3 options)
The number of favorable pairs (first die, second die) is 2 * 3 = 6.
These favorable pairs are: (1,4), (1,5), (1,6), (2,4), (2,5), (2,6).
The probability is the number of favorable outcomes divided by the total number of outcomes:
Probability = 6/36 = 1/6.

Both methods yield the same result.",\frac{1,29,,
